trade_index,symbol,entry_date,exit_date,entry_sig_date,exit_sig_date,position,period,entry_index,exit_index,return,industry,stock_id,trade_price@entry_date,trade_price@exit_date,adj_close@entry_date,pct_change@entry_date,pct_change@exit_date,turnover@entry_date,turnover@exit_date,volume@entry_date,volume@exit_date,類別@entry_sig_date,類別@exit_sig_date,mae,gmfe,bmfe,mdd,pdays
0,2356 英業達,2023-06-12,2023-06-16,2023-06-09,2023-06-15,0.009615384615384616,4.0,3976.0,3980.0,0.2241978864935723,電腦及週邊設備業,2356 英業達,36.95,45.5,139.64535857236447,-0.04398447606727007,-0.010869565217391242,1618915993.3000002,6305196670.5,43813694.0,138575751.0,0,0,-0.0014250000000000096,0.24315155615696882,0.0,-0.010869565217391242,4.0
1,00701 國泰股利精選30,2023-06-12,2023-06-19,2023-06-09,2023-06-16,0.009615384615384616,5.0,3976.0,3981.0,0.013557674371451611,domestic_etf,00701 國泰股利精選30,24.66,25.03,31.414743411543437,0.0012180267965895553,-0.0011971268954508174,27407913.12,25624837.950000003,1111432.0,1023765.0,0,0,-0.0014250000000000096,0.014772485806974656,0.0,-0.0014250000000000096,5.0
2,00731 復華富時高息低波,2023-06-12,2023-06-19,2023-06-09,2023-06-16,0.009615384615384616,5.0,3976.0,3981.0,0.010557900000000009,domestic_etf,00731 復華富時高息低波,62.5,63.25,81.2279997083172,0.0,-0.0007898894154817482,53348500.0,52606669.5,853576.0,831726.0,0,0,-0.0014250000000000096,0.014552200000000015,0.0,-0.003937007874015741,5.0
3,00752 中信中國50,2023-06-12,2023-06-19,2023-06-09,2023-06-16,0.009615384615384616,5.0,3976.0,3981.0,0.035702927302996734,foreign_etf,00752 中信中國50,18.02,18.69,18.02,0.0011111111111110628,-0.01111111111111096,53107751.12,98172850.86,2947156.0,5252694.0,0,0,-0.0014250000000000096,0.047340038845726795,0.0,-0.01111111111111085,5.0
4,00830 國泰費城半導體,2023-06-12,2023-06-19,2023-06-09,2023-06-16,0.009615384615384616,5.0,3976.0,3981.0,0.03842943458980064,foreign_etf,00830 國泰費城半導體,31.57,32.83,34.9383539753163,0.008304056212072863,-0.005754088431253912,150308842.53,76069145.46,4761129.0,2317062.0,0,0,-0.0014250000000000096,0.05677512670256557,0.0,-0.017360071834779722,5.0
5,00876 元大全球5G,2023-06-12,2023-06-19,2023-06-09,2023-06-16,0.009615384615384616,5.0,3976.0,3981.0,0.032465615358245214,foreign_etf,00876 元大全球5G,29.17,30.16,29.17,0.004130808950085996,-0.0013245033112582183,61526530.800000004,20392684.0,2109240.0,676150.0,0,0,-0.0014250000000000096,0.03554658039081282,0.0,-0.002975206611570136,5.0
6,00881 國泰台灣科技龍頭,2023-06-12,2023-06-19,2023-06-09,2023-06-16,0.009615384615384616,5.0,3976.0,3981.0,0.034864824348879386,domestic_etf,00881 國泰台灣科技龍頭,16.51,17.11,18.327957683771025,0.008552229688454593,0.0035190615835776207,284500963.89000005,354347843.34999996,17232039.0,20709985.0,0,0,-0.0014250000000000096,0.034864824348879386,0.0,-0.003506721215663311,5.0
7,00885 富邦越南,2023-06-12,2023-06-19,2023-06-09,2023-06-16,0.009615384615384616,5.0,3976.0,3981.0,0.005136791583475242,foreign_etf,00885 富邦越南,11.77,11.9,11.77,-0.0025423728813560587,-0.011627906976744096,192774568.35999998,155309553.70000002,16378468.0,13051223.0,0,0,-0.0014250000000000096,0.021481988105352734,0.0,-0.011627906976743985,5.0
8,00891 中信關鍵半導體,2023-06-12,2023-06-19,2023-06-09,2023-06-16,0.009615384615384616,5.0,3976.0,3981.0,0.025329000724112705,domestic_etf,00891 中信關鍵半導體,13.81,14.18,15.274735883814174,0.008029197080291928,0.00781805259417201,101326441.99000001,150205010.66,7337179.0,10592737.0,0,0,-0.0014250000000000096,0.025329000724112705,0.0,-0.004950495049505066,5.0
9,00893 國泰智能電動車,2023-06-12,2023-06-19,2023-06-09,2023-06-16,0.009615384615384616,5.0,3976.0,3981.0,0.04110578884223104,foreign_etf,00893 國泰智能電動車,16.67,17.38,16.67,0.008469449485783542,-0.0005750431282347535,374362040.77000004,284110077.9,22457231.0,16346955.0,0,0,-0.0014250000000000096,0.047096040791841265,0.0,-0.00572082379862715,5.0
10,00895 富邦未來車,2023-06-12,2023-06-19,2023-06-09,2023-06-16,0.009615384615384616,5.0,3976.0,3981.0,0.0514504550468835,foreign_etf,00895 富邦未來車,18.13,19.09,18.13,0.004988913525498795,0.00526592943654558,189659924.29999998,84850640.21,10461110.0,4444769.0,0,0,-0.0014250000000000096,0.05310281301709874,0.0,-0.0067991631799163565,5.0
11,00896 中信綠能及電動車,2023-06-12,2023-06-19,2023-06-09,2023-06-16,0.009615384615384616,5.0,3976.0,3981.0,0.031159283023739714,domestic_etf,00896 中信綠能及電動車,15.95,16.32,16.61882186964882,0.0037759597230961894,0.003073140749846548,50101422.25,36480716.160000004,3141155.0,2235338.0,0,0,-0.0014250000000000096,0.031159283023739714,0.0,-0.0014250000000000096,5.0
12,00898 國泰基因免疫革命,2023-06-12,2023-06-19,2023-06-09,2023-06-16,0.009615384615384616,5.0,3976.0,3981.0,0.011116977505741366,foreign_etf,00898 國泰基因免疫革命,7.62,7.75,7.62,-0.001310615989515096,-0.005134788189987138,4965344.4,7045230.5,651620.0,909062.0,0,0,-0.0014250000000000096,0.023473851706036664,0.0,-0.014084507042253502,5.0
13,00900 富邦特選高股息30,2023-06-12,2023-06-19,2023-06-09,2023-06-16,0.009615384615384616,5.0,3976.0,3981.0,0.010933601485148658,domestic_etf,00900 富邦特選高股息30,12.12,12.27,13.768361124239243,0.0,-0.006477732793522151,207280518.35999998,175739394.03,17102353.0,14322689.0,0,0,-0.0014250000000000096,0.024116109735973668,0.0,-0.012872083668543755,5.0
14,00902 中信電池及儲能,2023-06-12,2023-06-19,2023-06-09,2023-06-16,0.009615384615384616,5.0,3976.0,3981.0,0.011703348397699154,foreign_etf,00902 中信電池及儲能,12.17,12.33,12.17,0.0049545829892652105,-0.008842443729903504,53442607.8,42607190.43,4391340.0,3455571.0,0,0,-0.0014250000000000096,0.020729087921117273,0.0,-0.008842443729903393,5.0
15,00903 富邦元宇宙,2023-06-12,2023-06-19,2023-06-09,2023-06-16,0.009615384615384616,5.0,3976.0,3981.0,0.011258001693480235,foreign_etf,00903 富邦元宇宙,11.81,11.96,11.81,-0.0016906170752324368,-0.007468879668049766,22361679.93,26038773.8,1893453.0,2177155.0,0,0,-0.0014250000000000096,0.018867802709568338,0.0,-0.007468879668049877,5.0
16,00905 FT臺灣Smart,2023-06-12,2023-06-19,2023-06-09,2023-06-16,0.009615384615384616,5.0,3976.0,3981.0,0.023231172839506486,domestic_etf,00905 FT臺灣Smart,9.72,9.96,10.013885778275474,0.007253886010362587,-0.002004008016032066,21412693.44,24115261.560000002,2202952.0,2421211.0,0,0,-0.0014250000000000096,0.026313194444444576,0.0,-0.0030030030030028243,5.0
17,00907 永豐優息存股,2023-06-12,2023-06-19,2023-06-09,2023-06-16,0.009615384615384616,5.0,3976.0,3981.0,-0.008532095423603225,domestic_etf,00907 永豐優息存股,14.97,14.85,15.612147489999254,-0.0013342228152101177,-0.0053583389149364224,26193218.580000002,27168060.15,1749714.0,1829499.0,0,0,-0.004125350097785918,0.0019102538410151748,0.0019102538410151748,-0.0060240963855419105,3.0
18,00917 中信特選金融,2023-06-12,2023-06-19,2023-06-09,2023-06-16,0.009615384615384616,5.0,3976.0,3981.0,0.008397049180327798,foreign_etf,00917 中信特選金融,15.25,15.4,15.25,0.002629848783694877,-0.0019442644199610948,12437061.25,5640481.0,815545.0,366265.0,0,0,-0.0033894098360655045,0.010361459016393404,0.0,-0.0033894098360655045,4.0
19,00925 新光標普電動車,2023-06-12,2023-06-19,2023-06-09,2023-06-16,0.009615384615384616,5.0,3976.0,3981.0,0.04979938243236948,其他證券,00925 新光標普電動車,16.08,16.98,16.08,0.004372267332916735,-0.0029359953024075125,8240308.56,3960754.8000000003,512457.0,233260.0,0,0,-0.0014250000000000096,0.05757041355721415,0.0,-0.0029359953024076235,5.0
20,020022 元大電動車N,2023-06-12,2023-06-19,2023-06-09,2023-06-16,0.009615384615384616,5.0,3976.0,3981.0,0.056027260273972423,其他證券,020022 元大電動車N,7.3,7.72,7.3,0.00137174211248281,-0.0012936610608021981,6102800.0,7550160.0,836000.0,978000.0,0,0,-0.0014250000000000096,0.05739517123287663,0.0,-0.0014250000000000096,5.0
21,1210 大成,2023-06-12,2023-06-19,2023-06-09,2023-06-16,0.009615384615384616,5.0,3976.0,3981.0,-0.011503028183112107,食品工業,1210 大成,52.7,52.4,219.81086204261922,-0.01495327102803734,-0.0019047619047619646,66007171.6,43360371.199999996,1252508.0,827488.0,0,0,-0.007109487666034253,0.0023646584440226714,0.0023646584440226714,-0.009451795841209809,2.0
22,1215 卜蜂,2023-06-12,2023-06-19,2023-06-09,2023-06-16,0.009615384615384616,5.0,3976.0,3981.0,0.016907370410367273,食品工業,1215 卜蜂,92.6,94.3,242.4839555092706,-0.008565310492505418,-0.007368421052631691,65057241.199999996,370378055.09999996,702562.0,3927657.0,0,0,-0.0014250000000000096,0.035239740820734555,0.0,-0.017708333333333437,4.0
23,1216 統一,2023-06-12,2023-06-19,2023-06-09,2023-06-16,0.009615384615384616,5.0,3976.0,3981.0,0.0326471128608925,食品工業,1216 統一,76.2,78.8,223.4176100826761,0.0026315789473685403,0.020725388601036343,395101419.6,1297533880.8,5185058.0,16466166.0,0,0,-0.0027354658792652087,0.0326471128608925,0.0,-0.0027354658792652087,3.0
24,1229 聯華,2023-06-12,2023-06-19,2023-06-09,2023-06-16,0.009615384615384616,5.0,3976.0,3981.0,0.0035499085127954633,食品工業,1229 聯華,63.5,64.1,276.86879639503843,0.001577287066246047,-0.007739938080495334,39611236.5,49072780.599999994,623799.0,765566.0,0,0,-0.0014250000000000096,0.015873149606299375,0.0,-0.007739938080495334,5.0
25,1303 南亞,2023-06-12,2023-06-19,2023-06-09,2023-06-16,0.009615384615384616,5.0,3976.0,3981.0,-0.010195420326223448,塑膠工業,1303 南亞,79.7,79.0,202.05624910441134,-0.0025031289111390187,-0.013732833957553092,188399482.6,240934042.0,2363858.0,3049798.0,0,0,-0.010195420326223448,0.00358666875784186,0.00358666875784186,-0.013732833957553092,1.0
26,1402 遠東新,2023-06-12,2023-06-19,2023-06-09,2023-06-16,0.009615384615384616,5.0,3976.0,3981.0,0.015526118827160706,紡織纖維,1402 遠東新,32.4,32.95,87.22570783536568,-0.004608294930875667,0.0,164344885.2,145660714.05,5072373.0,4420659.0,0,0,-0.0014250000000000096,0.01706712962962964,0.0,-0.0015151515151513584,5.0
27,1477 聚陽,2023-06-12,2023-06-19,2023-06-09,2023-06-16,0.009615384615384616,5.0,3976.0,3981.0,0.13368701518640402,紡織纖維,1477 聚陽,228.0,260.0,745.2264565854942,0.0,-0.015151515151515138,234103332.0,2867880340.0,1026769.0,11030309.0,0,0,-0.0014250000000000096,0.1562447368421056,0.0,-0.015151515151515027,5.0
28,1515 力山,2023-06-12,2023-06-19,2023-06-09,2023-06-16,0.009615384615384616,5.0,3976.0,3981.0,0.05255021491281231,電機機械,1515 力山,34.05,36.05,38.86748449916861,0.020989505247376083,-0.006887052341597699,52367095.349999994,52625789.99999999,1537947.0,1459800.0,0,0,-0.008756681350954532,0.06456013215859047,0.0015076725403817548,-0.010248901903367469,4.0
29,1560 中砂,2023-06-12,2023-06-19,2023-06-09,2023-06-16,0.009615384615384616,5.0,3976.0,3981.0,0.03897482759989712,電機機械,1560 中砂,122.0,127.5,359.8837772047277,-0.01612903225806439,-0.015444015444015524,660145172.0,426931837.5,5411026.0,3348485.0,0,0,-0.0014250000000000096,0.08042540983606528,0.0,-0.03409090909090928,5.0
30,1603 華電,2023-06-12,2023-06-19,2023-06-09,2023-06-16,0.009615384615384616,5.0,3976.0,3981.0,0.008945407692148688,電器電纜,1603 華電,30.25,30.7,29.31524975414507,-0.009819967266775809,-0.001626016260162566,52098728.0,39569936.1,1722272.0,1288923.0,0,0,-0.004726074380165368,0.020031983471074266,0.001876074380165349,-0.006589785831960571,4.0
31,1708 東鹼,2023-06-12,2023-06-19,2023-06-09,2023-06-16,0.009615384615384616,5.0,3976.0,3981.0,0.01901021326562513,化學工業,1708 東鹼,38.0,38.95,88.87295161406549,-0.015544041450777368,0.006459948320413522,38014402.0,30700740.55,1000379.0,788209.0,0,0,-0.0014250000000000096,0.02353937500000014,0.0,-0.007741935483870921,5.0
32,1721 三晃,2023-06-12,2023-06-19,2023-06-09,2023-06-16,0.009615384615384616,5.0,3976.0,3981.0,-0.01842795140822784,化學工業,1721 三晃,15.8,15.6,10.42826862025641,-0.030674846625766916,-0.012658227848101222,61556089.0,16932708.0,3895955.0,1085430.0,0,0,-0.01406518987341765,0.0,0.0,-0.01406518987341765,0.0
33,1722 台肥,2023-06-12,2023-06-19,2023-06-09,2023-06-16,0.009615384615384616,5.0,3976.0,3981.0,-0.006249033816425054,化學工業,1722 台肥,62.1,61.8,118.48847449625966,0.0,0.0,64103718.6,79960733.39999999,1032266.0,1293863.0,0,0,-0.006249033816425054,0.00018301127214170876,0.00018301127214170876,-0.006430868167202508,3.0
34,1736 喬山,2023-06-12,2023-06-19,2023-06-09,2023-06-16,0.009615384615384616,5.0,3976.0,3981.0,0.035952666822447465,運動休閒,1736 喬山,66.6,69.4,214.9938624857696,-0.017699115044247815,0.02359882005899716,19097883.0,67462560.2,286755.0,972083.0,0,0,-0.01491925675675676,0.04055713213213208,0.0,-0.01491925675675676,2.0
35,1907 永豐餘,2023-06-12,2023-06-19,2023-06-09,2023-06-16,0.009615384615384616,5.0,3976.0,3981.0,-0.08575544101243193,造紙工業,1907 永豐餘,36.7,33.75,76.28473394157159,-0.025232403718459473,-0.0357142857142857,302676607.3,1126256670.0,8247319.0,33370568.0,0,0,-0.08169192779291556,0.0,0.0,-0.08169192779291556,0.0
36,2002 中鋼,2023-06-12,2023-06-19,2023-06-09,2023-06-16,0.009615384615384616,5.0,3976.0,3981.0,0.0008622503509696511,鋼鐵工業,2002 中鋼,29.65,29.85,84.52921674604518,-0.003361344537815114,0.003361344537815114,276911371.7,365618113.05,9339338.0,12248513.0,0,0,-0.0031089376053963225,0.005310750421585242,0.0,-0.0031089376053963225,2.0
37,2009 第一銅,2023-06-12,2023-06-19,2023-06-09,2023-06-16,0.009615384615384616,5.0,3976.0,3981.0,0.004829762893980183,鋼鐵工業,2009 第一銅,32.6,32.95,52.05195412563453,-0.019548872180451093,0.007645259938837912,32070999.8,25224575.950000003,983773.0,765541.0,0,0,-0.013677453987730126,0.009295897239263828,0.0,-0.013677453987730126,3.0
38,2023 燁輝,2023-06-12,2023-06-19,2023-06-09,2023-06-16,0.009615384615384616,5.0,3976.0,3981.0,0.007109482245521548,鋼鐵工業,2023 燁輝,15.35,15.55,34.31544959828974,-0.012861736334405238,0.006472491909385258,19963688.099999998,27773994.950000003,1300566.0,1786109.0,0,0,-0.0046776872964168215,0.011585749185668126,0.0,-0.0046776872964168215,2.0
39,2027 大成鋼,2023-06-12,2023-06-19,2023-06-09,2023-06-16,0.009615384615384616,5.0,3976.0,3981.0,0.018780457933972095,鋼鐵工業,2027 大成鋼,46.95,47.9,138.78554524005744,-0.009493670886075778,-0.009307135470527528,303413952.45000005,373884408.0,6462491.0,7805520.0,0,0,-0.01312289669861555,0.028351464323748576,0.0,-0.01312289669861555,3.0
40,2038 海光,2023-06-12,2023-06-19,2023-06-09,2023-06-16,0.009615384615384616,5.0,3976.0,3981.0,0.014039431737500108,鋼鐵工業,2038 海光,20.0,20.4,27.788401838016092,-0.017199017199017175,0.0,7220580.0,6677511.6,361029.0,327329.0,0,0,-0.006417875000000017,0.01854650000000002,0.0,-0.006417875000000017,4.0
41,2059 川湖,2023-06-12,2023-06-19,2023-06-09,2023-06-16,0.009615384615384616,5.0,3976.0,3981.0,0.0018347660500541707,電子零組件業,2059 川湖,459.5,461.0,799.5109132413614,0.027964205816554788,0.0032644178454841466,648799755.5,240259370.0,1411969.0,521170.0,0,0,-0.020983596300326424,0.002921354733405712,0.0,-0.020983596300326424,2.0
42,2236 百達-KY,2023-06-12,2023-06-19,2023-06-09,2023-06-16,0.009615384615384616,5.0,3976.0,3981.0,0.15060719834287872,汽車工業,2236 百達-KY,50.2,58.1,92.21147807662979,-0.013752455795677743,0.05444646098003636,26795705.8,75420016.7,533779.0,1298107.0,0,0,-0.014354755976095812,0.1557212649402393,0.0,-0.014354755976095812,3.0
43,2302 麗正,2023-06-12,2023-06-19,2023-06-09,2023-06-16,0.009615384615384616,5.0,3976.0,3981.0,-0.020182487244591263,半導體業,2302 麗正,20.8,20.5,9.713241329947294,-0.032558139534883734,-0.019138755980861233,40050212.800000004,23340541.5,1925491.0,1138563.0,0,0,-0.015827524038461438,0.02738004807692307,0.02738004807692307,-0.04205607476635509,4.0
44,2303 聯電,2023-06-12,2023-06-19,2023-06-09,2023-06-16,0.009615384615384616,5.0,3976.0,3981.0,0.021356178707224283,半導體業,2303 聯電,52.6,53.8,93.06146757568939,0.005736137667303964,-0.012844036697247652,2278892790.8,2448420784.0,43324958.0,45509680.0,0,0,-0.0014250000000000096,0.03464519961977186,0.0,-0.012844036697247763,5.0
45,2312 金寶,2023-06-12,2023-06-19,2023-06-09,2023-06-16,0.009615384615384616,5.0,3976.0,3981.0,0.0641673130633802,其他電子業,2312 金寶,14.2,15.2,22.70158888291147,-0.010452961672473893,-0.019354838709677358,543441341.4,972709940.0,38270517.0,63994075.0,0,0,-0.022521654929577473,0.08999383802816885,0.0,-0.022521654929577473,2.0
46,2324 仁寶,2023-06-12,2023-06-19,2023-06-09,2023-06-16,0.009615384615384616,5.0,3976.0,3981.0,-0.004099560505482325,電腦及週邊設備業,2324 仁寶,28.5,28.55,93.28957686822721,-0.012131715771230511,-0.04515050167224077,580420797.0,1993383468.8500001,20365642.0,69820787.0,0,0,-0.0014250000000000096,0.04762780701754399,0.0,-0.045150501672240884,5.0
47,2329 華泰,2023-06-12,2023-06-19,2023-06-09,2023-06-16,0.009615384615384616,5.0,3976.0,3981.0,0.0071518128880720955,半導體業,2329 華泰,22.95,23.25,9.765595613233689,-0.0021739130434783593,0.004319654427645814,169518178.35,88669757.25,7386413.0,3813753.0,0,0,-0.0014250000000000096,0.052963616557734294,0.0,-0.04338842975206603,5.0
48,2351 順德,2023-06-12,2023-06-19,2023-06-09,2023-06-16,0.009615384615384616,5.0,3976.0,3981.0,-0.021438303090686395,半導體業,2351 順德,127.5,125.5,252.39341451147024,0.02822580645161299,0.012096774193548487,416307645.0,139061655.5,3265158.0,1108061.0,0,0,-0.028836862745098224,0.0,0.0,-0.028836862745098224,0.0
49,2369 菱生,2023-06-12,2023-06-19,2023-06-09,2023-06-16,0.009615384615384616,5.0,3976.0,3981.0,0.0527350000000002,半導體業,2369 菱生,14.75,15.55,29.684415286237776,-0.013377926421404562,-0.0032051282051281937,9434793.25,26688822.650000002,639647.0,1716323.0,0,0,-0.0014250000000000096,0.05612000000000017,0.0,-0.0032051282051281937,5.0
50,2379 瑞昱,2023-06-12,2023-06-19,2023-06-09,2023-06-16,0.009615384615384616,5.0,3976.0,3981.0,-0.015686826113861407,半導體業,2379 瑞昱,404.0,400.0,606.1742901407868,0.002481389578163684,-0.0024937655860348684,809007980.0,358068000.0,2002495.0,895170.0,0,0,-0.011311881188118766,0.024528063118811838,0.024528063118811838,-0.03498190591073569,3.0
51,2393 億光,2023-06-12,2023-06-19,2023-06-09,2023-06-16,0.009615384615384616,5.0,3976.0,3981.0,0.0023470887815399966,光電業,2393 億光,48.55,48.95,134.8515206263486,-0.023138832997988024,0.0,109449954.8,42422811.2,2254376.0,866656.0,0,0,-0.0014250000000000096,0.03456894953656042,0.0,-0.026838966202783143,5.0
52,2439 美律,2023-06-12,2023-06-19,2023-06-09,2023-06-16,0.009615384615384616,5.0,3976.0,3981.0,-0.0604010526105182,通信網路業,2439 美律,98.4,93.0,334.3806070934752,0.047923322683705916,-0.01273885350318471,400685784.0,96358602.0,4072010.0,1036114.0,0,0,-0.056224847560975455,0.0,0.0,-0.056224847560975455,0.0
53,2442 新美齊,2023-06-12,2023-06-19,2023-06-09,2023-06-16,0.009615384615384616,5.0,3976.0,3981.0,-0.0031049717699723756,建材營造,2442 新美齊,18.15,18.2,18.076486664792366,-0.03457446808510645,0.0027548209366392573,124473371.55,22409478.0,6858037.0,1231290.0,0,0,-0.0014250000000000096,0.017831267217630842,0.0,-0.018918918918918948,4.0
54,2449 京元電子,2023-06-12,2023-06-19,2023-06-09,2023-06-16,0.009615384615384616,5.0,3976.0,3981.0,0.025280904511970848,半導體業,2449 京元電子,54.3,56.0,154.34375323847266,0.0,-0.008849557522123908,615479857.1999999,350724080.0,11334804.0,6262930.0,0,0,-0.0014250000000000096,0.05558388581952123,0.0,-0.024390243902438824,5.0
55,2455 全新,2023-06-12,2023-06-19,2023-06-09,2023-06-16,0.009615384615384616,5.0,3976.0,3981.0,0.034900416511270516,通信網路業,2455 全新,122.0,127.0,295.9311176894513,0.008264462809917328,0.03252032520325199,524400408.0,524849217.0,4298364.0,4132671.0,0,0,-0.0014250000000000096,0.039500204918032855,0.0,-0.023809523809523725,4.0
56,2474 可成,2023-06-12,2023-06-19,2023-06-09,2023-06-16,0.009615384615384616,5.0,3976.0,3981.0,-0.026609361333224446,其他電子業,2474 可成,191.5,187.5,695.0864846091001,0.005249343832020914,0.00536193029490617,165618392.0,482267437.5,864848.0,2572093.0,0,0,-0.027497454308093916,0.011611227154047166,0.011611227154047166,-0.038659793814433074,2.0
57,2607 榮運,2023-06-12,2023-06-19,2023-06-09,2023-06-16,0.009615384615384616,5.0,3976.0,3981.0,0.011940854920617028,航運業,2607 榮運,27.95,28.45,42.206080223905715,-0.00886524822695034,0.0017605633802817433,47384585.3,76144035.2,1695334.0,2676416.0,0,0,-0.0014250000000000096,0.018224955277280852,0.0,-0.0035087719298246833,4.0
58,2615 萬海,2023-06-12,2023-06-19,2023-06-09,2023-06-16,0.009615384615384616,5.0,3976.0,3981.0,-0.021852652597624922,航運業,2615 萬海,62.1,61.1,184.84677983224842,0.004854368932039055,-0.023961661341852958,512126404.2,406739950.5,8246802.0,6656955.0,0,0,-0.017505112721417193,0.00661505636070836,0.00661505636070836,-0.023961661341852958,2.0
59,2723 美食-KY,2023-06-12,2023-06-19,2023-06-09,2023-06-16,0.009615384615384616,5.0,3976.0,3981.0,0.003913094102994119,觀光餐旅,2723 美食-KY,152.0,151.0,274.41508951653026,-0.061728395061728225,0.006666666666666821,275927576.0,70660903.0,1815313.0,467953.0,0,0,-0.004709786184210585,0.01171414473684207,0.0,-0.00990099009900991,3.0
60,2834 臺企銀,2023-06-12,2023-06-19,2023-06-09,2023-06-16,0.009615384615384616,5.0,3976.0,3981.0,-0.01630849759210551,金融保險業,2834 臺企銀,14.25,14.1,27.9782088795405,0.0,0.0,420616722.75,175304510.4,29516963.0,12432944.0,0,0,-0.011936315789473961,0.00207877192982453,0.00207877192982453,-0.013986013986014179,2.0
61,2838 聯邦銀,2023-06-12,2023-06-19,2023-06-09,2023-06-16,0.009615384615384616,5.0,3976.0,3981.0,-0.0176788884895831,金融保險業,2838 聯邦銀,16.8,16.6,27.555781766037107,-0.0029673590504452063,-0.011904761904761751,13676359.200000001,10676323.200000001,814069.0,643152.0,0,0,-0.013312797619047356,0.001546949404762188,0.001546949404762188,-0.014836795252225587,1.0
62,2845 遠東銀,2023-06-12,2023-06-19,2023-06-09,2023-06-16,0.009615384615384616,5.0,3976.0,3981.0,0.024678648341556864,金融保險業,2845 遠東銀,11.4,11.75,23.204942252410333,0.0,0.021739130434782705,42060904.2,205652600.75,3689553.0,17502349.0,0,0,-0.0014250000000000096,0.029233004385964767,0.0,-0.017094017094017255,5.0
63,2884 玉山金,2023-06-12,2023-06-19,2023-06-09,2023-06-16,0.009615384615384616,5.0,3976.0,3981.0,-0.0020492046588737045,金融保險業,2884 玉山金,26.2,26.3,101.34667550810512,-0.01132075471698124,0.003816793893129944,417133186.8,242527291.0,15921114.0,9221570.0,0,0,-0.0014250000000000096,0.002386354961832371,0.0,-0.0038022813688213253,4.0
64,2885 元大金,2023-06-12,2023-06-19,2023-06-09,2023-06-16,0.009615384615384616,5.0,3976.0,3981.0,-0.0119179691547866,金融保險業,2885 元大金,24.55,24.4,54.133443613775114,-0.00203252032520318,0.002053388090348829,510836841.90000004,419263004.0,20808018.0,17182910.0,0,0,-0.00956003054989829,0.0,0.0,-0.00956003054989829,0.0
65,2886 兆豐金,2023-06-12,2023-06-19,2023-06-09,2023-06-16,0.009615384615384616,5.0,3976.0,3981.0,-0.02300708344953506,金融保險業,2886 兆豐金,37.65,37.0,94.35190106930658,0.0,0.005434782608695787,639815327.55,1787797524.0,16993767.0,48318852.0,0,0,-0.023969189907038557,0.001227257636122081,0.001227257636122081,-0.025165562913907258,1.0
66,2887 台新新光金,2023-06-12,2023-06-19,2023-06-09,2023-06-16,0.009615384615384616,5.0,3976.0,3981.0,-0.011076095983552636,金融保險業,2887 台新新光金,19.0,18.9,59.914496744443895,-0.002624671916010568,-0.0052631578947368585,477774418.0,302561708.4,25146022.0,16008556.0,0,0,-0.006680657894736819,0.0038306578947369108,0.0038306578947369108,-0.010471204188481686,1.0
67,2891 中信金,2023-06-12,2023-06-19,2023-06-09,2023-06-16,0.009615384615384616,5.0,3976.0,3981.0,0.004178042576864938,金融保險業,2891 中信金,24.8,25.05,81.7611312078298,-0.015873015873015817,0.020366598778004175,874722486.4,739874545.5,35271068.0,29535910.0,0,0,-0.011491280241935464,0.008641280241935556,0.0,-0.011491280241935464,1.0
68,2915 潤泰全,2023-06-12,2023-06-19,2023-06-09,2023-06-16,0.009615384615384616,5.0,3976.0,3981.0,-0.014087113161276976,貿易百貨,2915 潤泰全,60.3,59.8,104.79992026419188,-0.013093289689034449,0.003355704697986406,132624362.69999999,98801380.6,2199409.0,1652197.0,0,0,-0.013017081260364605,0.005199046434494425,0.005199046434494425,-0.018121911037891292,3.0
69,3002 歐格,2023-06-12,2023-06-19,2023-06-09,2023-06-16,0.009615384615384616,5.0,3976.0,3981.0,0.06075732600732575,電腦及週邊設備業,3002 歐格,13.65,14.5,33.33427439219676,-0.0036496350364961794,0.021126760563380254,5764395.0,18116894.5,422300.0,1249441.0,0,0,-0.01239835164835168,0.06075732600732575,0.0,-0.01239835164835168,4.0
70,3024 憶聲,2023-06-12,2023-06-19,2023-06-09,2023-06-16,0.009615384615384616,5.0,3976.0,3981.0,0.02330095302117252,光電業,3024 憶聲,15.35,15.8,24.59164706063111,-0.0032467532467533866,-0.021671826625386803,24582625.9,79538084.8,1601474.0,5034056.0,0,0,-0.0046776872964169325,0.05061799674267076,0.0,-0.021671826625386914,2.0
71,3033 威健,2023-06-12,2023-06-19,2023-06-09,2023-06-16,0.009615384615384616,5.0,3976.0,3981.0,-0.01753965091176457,電子通路業,3033 威健,34.0,33.6,168.69057374438344,0.017964071856287456,0.004484304932735439,382398612.0,121034625.60000001,11247018.0,3602221.0,0,0,-0.017578419117646904,0.016196911764706057,0.016196911764706057,-0.033236994219653204,2.0
72,3034 聯詠,2023-06-12,2023-06-19,2023-06-09,2023-06-16,0.009615384615384616,5.0,3976.0,3981.0,-0.005843694374999875,半導體業,3034 聯詠,455.0,455.0,1669.2719026649017,-0.017278617710583144,-0.0065502183406114245,1787626750.0,2107013090.0,3928850.0,4630798.0,0,0,-0.01239835164835168,0.0238137087912087,0.0238137087912087,-0.03536977491961413,3.0
73,3062 建漢,2023-06-12,2023-06-19,2023-06-09,2023-06-16,0.009615384615384616,5.0,3976.0,3981.0,-0.010321875931869284,通信網路業,3062 建漢,22.2,22.1,43.58921187063177,-0.0672268907563025,-0.01118568232662187,165195861.0,28890998.5,7441255.0,1307285.0,0,0,-0.01042117117117125,0.005322128378378421,0.0,-0.01118568232662187,2.0
74,3264 欣銓,2023-06-12,2023-06-19,2023-06-09,2023-06-16,0.009615384615384616,5.0,3976.0,3981.0,0.09809844887752961,半導體業,3264 欣銓,59.3,65.5,154.80063037806843,-0.014950166112956964,0.0234375,539559966.6999999,1159771230.5,9098819.0,17706431.0,0,0,-0.0014250000000000096,0.10297913153457006,0.0,-0.0014250000000000096,5.0
75,3265 台星科,2023-06-12,2023-06-19,2023-06-09,2023-06-16,0.009615384615384616,5.0,3976.0,3981.0,0.025085612911111,半導體業,3265 台星科,67.5,69.6,93.75602811442478,-0.01603498542274051,-0.002865329512893977,138499402.5,155599221.6,2051843.0,2235621.0,0,0,-0.0014250000000000096,0.0503529629629631,0.0,-0.019718309859155014,5.0
76,3481 群創,2023-06-12,2023-06-19,2023-06-09,2023-06-16,0.009615384615384616,5.0,3976.0,3981.0,0.0888378585416667,光電業,3481 群創,14.7,16.1,24.189860483291046,0.0,0.09523809523809534,773789772.0,6676738441.1,52638760.0,414704251.0,0,0,-0.015011054421768533,0.09367738095238098,0.0,-0.015011054421768533,1.0
77,3540 曜越,2023-06-12,2023-06-19,2023-06-09,2023-06-16,0.009615384615384616,5.0,3976.0,3981.0,-0.01998819465828261,電腦及週邊設備業,3540 曜越,49.2,48.5,138.40189937860336,-0.09225092250922495,0.0031023784901758056,228759434.4,29817897.0,4649582.0,614802.0,0,0,-0.018676803861788716,0.004663871951219534,0.004663871951219534,-0.023232323232323382,1.0
78,3628 盈正,2023-06-12,2023-06-19,2023-06-09,2023-06-16,0.009615384615384616,5.0,3976.0,3981.0,-0.02707123114991128,其他電子業,3628 盈正,56.2,55.0,115.32161964176323,-0.06333333333333324,-0.010791366906474864,56901432.2,11813560.0,1012481.0,214792.0,0,0,-0.022746886120996623,0.0,0.0,-0.022746886120996623,0.0
79,3645 達邁,2023-06-12,2023-06-19,2023-06-09,2023-06-16,0.009615384615384616,5.0,3976.0,3981.0,-0.0066945250659630195,電子零組件業,3645 達邁,37.9,37.7,55.73682741614416,-0.010443864229765065,-0.04193138500635318,16795801.9,35947779.400000006,443161.0,953522.0,0,0,-0.0066945250659630195,0.051270250659630534,0.051270250659630534,-0.05513784461152871,4.0
80,3665 貿聯-KY,2023-06-12,2023-06-19,2023-06-09,2023-06-16,0.009615384615384616,5.0,3976.0,3981.0,-0.009277740335708273,其他電子業,3665 貿聯-KY,289.5,288.5,555.1512421622201,0.030249110320284656,0.0248667850799289,1170641307.0,750573717.0,4043666.0,2601642.0,0,0,-0.02901947322970644,0.0,0.0,-0.02901947322970644,0.0
81,3682 亞太,2023-06-12,2023-06-19,2023-06-09,2023-06-16,0.009615384615384616,5.0,3976.0,3981.0,0.04491605538922139,電子工業,3682 亞太,6.68,6.99,4.491795132933105,-0.008902077151335286,0.021929824561403466,11328070.92,15946356.9,1695819.0,2281310.0,0,0,-0.0014250000000000096,0.04491605538922139,0.0,-0.0014250000000000096,5.0
82,4726 永昕,2023-06-12,2023-06-19,2023-06-09,2023-06-16,0.009615384615384616,5.0,3976.0,3981.0,0.012101365293321065,生技醫療業,4726 永昕,41.55,42.3,41.55,-0.02464788732394374,-0.016279069767441978,76437540.6,106486443.0,1839652.0,2517410.0,0,0,-0.009836582430806318,0.03342298435619728,0.0069865824308061875,-0.01670644391408116,4.0
83,4743 合一,2023-06-12,2023-06-19,2023-06-09,2023-06-16,0.009615384615384616,5.0,3976.0,3981.0,0.014231937799446648,生技醫療業,4743 合一,241.0,216.0,360.79502616368023,0.008368200836820217,0.0,369238992.0,534227616.0,1532112.0,2473276.0,0,0,-0.04493137966804994,0.018739861687413484,0.0,-0.04493137966804994,2.0
84,4746 台耀,2023-06-12,2023-06-19,2023-06-09,2023-06-16,0.009615384615384616,5.0,3976.0,3981.0,-0.03958203053874432,生技醫療業,4746 台耀,88.4,85.4,116.35589879782154,-0.0210409745293465,-0.012716763005780396,272359604.40000004,115786003.2,3080991.0,1355808.0,0,0,-0.0353132918552036,0.0,0.0,-0.0353132918552036,0.0
85,4755 三福,2023-06-12,2023-06-19,2023-06-09,2023-06-16,0.009615384615384616,5.0,3976.0,3981.0,0.09612105491987188,化學工業,4755 三福,136.5,150.5,198.66293712421896,-0.010869565217391242,-0.0033112582781456013,62753145.0,538652744.0,459730.0,3579088.0,0,0,-0.0014250000000000096,0.10465073260073265,0.0,-0.0033112582781456013,5.0
86,4770 上品,2023-06-12,2023-06-19,2023-06-09,2023-06-16,0.009615384615384616,5.0,3976.0,3981.0,-0.0027562524320652315,化學工業,4770 上品,322.0,323.0,345.99768652400235,0.02711323763955331,0.0015503875968991832,664237056.0,146431727.0,2062848.0,453349.0,0,0,-0.04484130434782607,0.0016761645962732885,0.0,-0.04484130434782607,2.0
87,4904 遠傳,2023-06-12,2023-06-19,2023-06-09,2023-06-16,0.009615384615384616,5.0,3976.0,3981.0,0.04113431751277119,通信網路業,4904 遠傳,78.3,82.0,160.4089398102116,-0.003816793893129833,0.03535353535353525,239378446.79999998,1099379002.0,3057196.0,13407061.0,0,0,-0.0014250000000000096,0.04576181353767539,0.0,-0.022222222222222032,5.0
88,4915 致伸,2023-06-12,2023-06-19,2023-06-09,2023-06-16,0.009615384615384616,5.0,3976.0,3981.0,0.0002741905826921798,電子零組件業,4915 致伸,65.0,65.4,104.50850367050475,-0.006116207951070374,-0.004566210045662045,120984305.0,99038882.4,1861297.0,1514356.0,0,0,-0.0014250000000000096,0.0185464999999998,0.0,-0.013574660633484004,5.0
89,4938 和碩,2023-06-12,2023-06-19,2023-06-09,2023-06-16,0.009615384615384616,5.0,3976.0,3981.0,-0.007859117268041338,電腦及週邊設備業,4938 和碩,77.6,77.1,145.36500054952228,-0.006402048655569703,-0.02774274905422447,602175224.0,914188500.9,7759990.0,11857179.0,0,0,-0.007859117268041338,0.02173782216494846,0.02173782216494846,-0.028967254408060583,4.0
90,4961 天鈺,2023-06-12,2023-06-19,2023-06-09,2023-06-16,0.009615384615384616,5.0,3976.0,3981.0,-0.05022567230468733,半導體業,4961 天鈺,168.0,160.5,207.55330133442877,0.0370370370370372,0.0031250000000000444,952745472.0,356898714.0,5671104.0,2223668.0,0,0,-0.048976190476190395,0.0,0.0,-0.048976190476190395,0.0
91,4967 十銓,2023-06-12,2023-06-19,2023-06-09,2023-06-16,0.009615384615384616,5.0,3976.0,3981.0,0.1443070990023847,半導體業,4967 十銓,62.9,72.4,56.48971463602792,-0.0063191153238545406,0.011173184357541999,355168372.4,2555252802.8,5646556.0,35293547.0,0,1,-0.0014250000000000096,0.1493931637519872,0.0,-0.007621951219512035,5.0
92,4968 立積,2023-06-12,2023-06-19,2023-06-09,2023-06-16,0.009615384615384616,5.0,3976.0,3981.0,-0.05789376273232971,半導體業,4968 立積,191.0,181.0,353.6151991418584,0.05817174515235468,-0.016304347826086918,4176191698.0,992325441.0,21864878.0,5482461.0,0,0,-0.05370641361256534,0.0,0.0,-0.05370641361256534,0.0
93,5356 協益,2023-06-12,2023-06-19,2023-06-09,2023-06-16,0.009615384615384616,5.0,3976.0,3981.0,0.07846638101369274,電腦及週邊設備業,5356 協益,28.3,30.7,73.1970462001622,-0.029159519725557526,0.05498281786941561,22539110.5,56039810.699999996,796435.0,1825401.0,0,0,-0.0014250000000000096,0.08325980565371038,0.0,-0.0014250000000000096,5.0
94,5880 合庫金,2023-06-12,2023-06-19,2023-06-09,2023-06-16,0.009615384615384616,5.0,3976.0,3981.0,-0.005843694374999986,金融保險業,5880 合庫金,28.1,28.1,63.66012537429426,-0.008818342151675429,0.0035714285714285587,204432895.20000002,172277025.5,7275192.0,6130855.0,0,0,-0.00497864768683276,0.003905471530249116,0.003905471530249116,-0.008849557522123908,1.0
95,6488 環球晶,2023-06-12,2023-06-19,2023-06-09,2023-06-16,0.009615384615384616,5.0,3976.0,3981.0,-0.0019373827615422057,半導體業,6488 環球晶,509.0,511.0,688.1337579976713,-0.003913894324853229,-0.003898635477582846,606707640.0,355334581.0,1191960.0,695371.0,0,0,-0.0014250000000000096,0.01623153241650299,0.0,-0.013513513513513487,5.0
96,6830 汎銓,2023-06-12,2023-06-19,2023-06-09,2023-06-16,0.009615384615384616,5.0,3976.0,3981.0,0.008119175086025443,其他電子業,6830 汎銓,178.0,180.5,178.0,0.017142857142857126,-0.008241758241758212,221080272.0,142891200.5,1242024.0,791641.0,0,0,-0.0042299859550560814,0.04906474719101128,0.04906474719101128,-0.050802139037433136,4.0
97,8016 矽創,2023-06-12,2023-06-19,2023-06-09,2023-06-16,0.009615384615384616,5.0,3976.0,3981.0,-0.016048483263598312,半導體業,8016 矽創,239.0,235.5,988.9143084216989,0.006315789473684275,-0.012578616352201255,321323550.0,167018013.0,1344450.0,709206.0,0,0,-0.016048483263598312,0.0006640690376569225,0.0006640690376569225,-0.01670146137787054,1.0
98,8050 廣積,2023-06-12,2023-06-19,2023-06-09,2023-06-16,0.009615384615384616,5.0,3976.0,3981.0,0.028020510682785993,電腦及週邊設備業,8050 廣積,82.2,85.0,313.8387849121602,0.00366300366300365,-0.007009345794392496,322544826.6,197303445.0,3923903.0,2321217.0,0,0,-0.0014250000000000096,0.07510812043795623,0.0,-0.039548022598870025,5.0
99,8054 安國,2023-06-12,2023-06-19,2023-06-09,2023-06-16,0.009615384615384616,5.0,3976.0,3981.0,0.011247818042621649,半導體業,8054 安國,34.9,35.5,76.93909612742846,-0.03724137931034488,0.03649635036496357,39495003.8,31953798.5,1131662.0,900107.0,0,0,-0.020023101719197745,0.015742478510028635,0.0014362464183381718,-0.021428571428571574,2.0
100,8070 長華*,2023-06-12,2023-06-19,2023-06-09,2023-06-16,0.009615384615384616,5.0,3976.0,3981.0,-0.03812301475831681,電子通路業,8070 長華*,37.0,34.05,878.5008385159339,0.004070556309362372,-0.036775106082036824,57361655.0,124529873.24999999,1550315.0,3657265.0,0,0,-0.033847791234529634,0.03566976857385229,0.03566976857385229,-0.06712328767123288,2.0
101,8215 明基材,2023-06-12,2023-06-19,2023-06-09,2023-06-16,0.009615384615384616,5.0,3976.0,3981.0,0.01987833164375785,光電業,8215 明基材,38.65,39.65,55.68055231421253,-0.007702182284980874,0.011479591836734526,101462240.75,134562346.1,2625155.0,3393754.0,0,0,-0.0014250000000000096,0.02441135187580823,0.0,-0.010178117048346147,5.0
102,8431 匯鑽科,2023-06-12,2023-06-19,2023-06-09,2023-06-16,0.009615384615384616,5.0,3976.0,3981.0,-0.04436539921292837,其他電子業,8431 匯鑽科,67.1,64.5,71.78789690909134,-0.021865889212827838,-0.006163328197226425,41475784.9,6789270.0,618119.0,105260.0,0,0,-0.040117921013412716,6.318926974646644e-05,6.318926974646644e-05,-0.040178571428571175,1.0
103,9136 巨騰-DR,2023-06-12,2023-06-19,2023-06-09,2023-06-16,0.009615384615384616,5.0,3976.0,3981.0,-0.008860860704666074,存託憑證,9136 巨騰-DR,6.59,6.57,10.75398148617654,-0.0015151515151514694,0.001524390243902607,2452949.57,5322889.17,372223.0,810181.0,0,0,-0.005970864946889254,0.0031208649468892347,0.0031208649468892347,-0.009063444108761365,2.0
104,2059 川湖,2023-06-19,2023-06-26,2023-06-16,2023-06-21,0.01020408163265306,3.0,3981.0,3984.0,0.32167440347071596,電子零組件業,2059 川湖,461.0,612.0,802.1208509342059,0.0032644178454841466,0.09874326750448859,240259370.0,2630983104.0,521170.0,4298992.0,0,1,0.0,0.32754880694143185,0.0,0.0,3.0
105,0050 元大台灣50,2023-06-19,2023-06-26,2023-06-16,2023-06-21,0.01020408163265306,3.0,3981.0,3984.0,-0.012837285714285773,domestic_etf,0050 元大台灣50,131.25,129.75,239.0371022369739,-0.0022805017103763037,-0.006127920337035686,832081950.0,1032999305.25,6339672.0,7961459.0,0,0,-0.012837285714285773,0.0,0.0,-0.012837285714285773,0.0
106,0056 元大高股息,2023-06-19,2023-06-26,2023-06-16,2023-06-21,0.01020408163265306,3.0,3981.0,3984.0,-0.00020462114268238185,domestic_etf,0056 元大高股息,32.73,32.77,70.44386764772315,-0.0015253203172668206,-0.0018275967103257296,931103825.5199999,854289027.57,28448024.0,26069241.0,0,0,-0.009052367858234045,0.0016259471432935602,0.0,-0.009052367858234045,1.0
107,00690 兆豐藍籌30,2023-06-19,2023-06-26,2023-06-16,2023-06-21,0.01020408163265306,3.0,3981.0,3984.0,-0.01891880586342498,domestic_etf,00690 兆豐藍籌30,27.97,27.48,38.27846673615265,0.0007155635062610077,-0.01151079136690647,22810402.07,13007740.44,815531.0,473353.0,0,0,-0.01891880586342498,0.0,0.0,-0.01891880586342498,0.0
108,00692 富邦公司治理,2023-06-19,2023-06-26,2023-06-16,2023-06-21,0.01020408163265306,3.0,3981.0,3984.0,-0.01462011229375959,domestic_etf,00692 富邦公司治理,32.85,32.56,43.75665639952415,-0.0012161751292185663,-0.005801526717557182,75779661.15,93722918.08000001,2306839.0,2878468.0,0,0,-0.0102404261796043,0.0,0.0,-0.0102404261796043,0.0
109,00701 國泰股利精選30,2023-06-19,2023-06-26,2023-06-16,2023-06-21,0.01020408163265306,3.0,3981.0,3984.0,0.003995205753096309,domestic_etf,00701 國泰股利精選30,25.03,25.13,31.88609195421461,-0.0011971268954508174,0.0,25624837.950000003,32572852.619999997,1023765.0,1296174.0,0,0,-0.001198561725929026,0.003995205753096309,0.0,-0.001198561725929026,2.0
110,00728 第一金工業30,2023-06-19,2023-06-26,2023-06-16,2023-06-21,0.01020408163265306,3.0,3981.0,3984.0,-0.020113880580143406,domestic_etf,00728 第一金工業30,25.08,24.72,32.63988309107217,0.0052104208416834386,-0.007627458851866664,15263487.36,12691149.12,608592.0,513396.0,0,0,-0.015758612440191277,0.0,0.0,-0.015758612440191277,0.0
111,00731 復華富時高息低波,2023-06-19,2023-06-26,2023-06-16,2023-06-21,0.01020408163265306,3.0,3981.0,3984.0,0.0007905138339920903,domestic_etf,00731 復華富時高息低波,63.25,63.3,82.20273570481702,-0.0007898894154817482,-0.004716981132075415,52606669.5,50236335.9,831726.0,793623.0,0,0,-0.0039525691699605625,0.005533596837944632,0.0,-0.004716981132075415,2.0
112,00733 富邦臺灣中小,2023-06-19,2023-06-26,2023-06-16,2023-06-21,0.01020408163265306,3.0,3981.0,3984.0,-0.009136003861003772,domestic_etf,00733 富邦臺灣中小,49.21,48.83,57.86815725807382,0.0,-0.016911616670022278,20579966.47,27337524.33,418207.0,559851.0,0,0,-0.009744767323714654,0.007909373094899586,0.0,-0.016911616670022278,1.0
113,00752 中信中國50,2023-06-19,2023-06-26,2023-06-16,2023-06-21,0.01020408163265306,3.0,3981.0,3984.0,-0.050235299625468355,foreign_etf,00752 中信中國50,18.69,17.83,18.69,-0.01111111111111096,-0.012188365650969701,98172850.86,101273740.28999999,5252694.0,5679963.0,0,0,-0.046013911182450684,0.0,0.0,-0.046013911182450684,0.0
114,00830 國泰費城半導體,2023-06-19,2023-06-26,2023-06-16,2023-06-21,0.01020408163265306,3.0,3981.0,3984.0,-0.031982942430703654,foreign_etf,00830 國泰費城半導體,32.83,31.78,36.33278938896529,-0.005754088431253912,-0.03139286802804031,76069145.46,164327261.28,2317062.0,5170776.0,0,0,-0.031982942430703654,0.0009137983551630313,0.0009137983551630313,-0.03286670724284857,1.0
115,00861 元大全球未來通訊,2023-06-19,2023-06-26,2023-06-16,2023-06-21,0.01020408163265306,3.0,3981.0,3984.0,-0.02086792150180894,foreign_etf,00861 元大全球未來通訊,31.1,30.63,31.1,-0.0047999999999999154,-0.013526570048309261,9845669.1,3256244.67,316581.0,106309.0,0,0,-0.01651600482315141,0.0,0.0,-0.01651600482315141,0.0
116,00876 元大全球5G,2023-06-19,2023-06-26,2023-06-16,2023-06-21,0.01020408163265306,3.0,3981.0,3984.0,-0.02088859416445621,foreign_etf,00876 元大全球5G,30.16,29.53,30.16,-0.0013245033112582183,-0.020238885202388812,20392684.0,12901066.4,676150.0,436880.0,0,0,-0.02088859416445621,0.0,0.0,-0.02088859416445621,0.0
117,00877 復華中國5G,2023-06-19,2023-06-26,2023-06-16,2023-06-21,0.01020408163265306,3.0,3981.0,3984.0,-0.046435893155258645,其他證券,00877 復華中國5G,11.98,11.44,11.98,0.03633217993079585,-0.0394626364399665,53636328.88,20456824.96,4477156.0,1788184.0,0,0,-0.046435893155258645,0.009410955759599382,0.009410955759599382,-0.05532617671345985,1.0
118,00878 國泰永續高股息,2023-06-19,2023-06-26,2023-06-16,2023-06-21,0.01020408163265306,3.0,3981.0,3984.0,-0.0014250000000001206,domestic_etf,00878 國泰永續高股息,19.28,19.28,22.52284309445593,-0.004132231404958553,-0.0036175710594316124,1525812972.5600002,983620639.0400001,79139677.0,51017668.0,0,0,-0.009193996369294744,0.002200531639004133,0.0,-0.009193996369294744,1.0
119,00881 國泰台灣科技龍頭,2023-06-19,2023-06-26,2023-06-16,2023-06-21,0.01020408163265306,3.0,3981.0,3984.0,-0.016949152542372836,domestic_etf,00881 國泰台灣科技龍頭,17.11,16.82,18.99402519499226,0.0035190615835776207,-0.009422850412249661,354347843.34999996,166118726.84,20709985.0,9876262.0,0,0,-0.016949152542372836,0.0,0.0,-0.016949152542372836,0.0
120,00888 永豐台灣ESG,2023-06-19,2023-06-26,2023-06-16,2023-06-21,0.01020408163265306,3.0,3981.0,3984.0,-0.009706202487906102,其他證券,00888 永豐台灣ESG,14.47,14.35,15.91534077014712,0.004861111111111205,-0.007607192254495243,76880484.65,64121310.4,5313095.0,4468384.0,0,0,-0.009706202487906102,0.0,0.0,-0.009706202487906102,0.0
121,00891 中信關鍵半導體,2023-06-19,2023-06-26,2023-06-16,2023-06-21,0.01020408163265306,3.0,3981.0,3984.0,-0.02186177715091675,domestic_etf,00891 中信關鍵半導體,14.18,13.87,15.683979350650613,0.00781805259417201,-0.009992862241256284,150205010.66,80421658.14999999,10592737.0,5798245.0,0,0,-0.02186177715091675,0.0,0.0,-0.02186177715091675,0.0
122,00893 國泰智能電動車,2023-06-19,2023-06-26,2023-06-16,2023-06-21,0.01020408163265306,3.0,3981.0,3984.0,-0.02704257767548901,foreign_etf,00893 國泰智能電動車,17.38,16.91,17.38,-0.0005750431282347535,-0.04517221908526259,284110077.9,369289102.64,16346955.0,21838504.0,0,0,-0.02704257767548901,0.018987341772152,0.018987341772152,-0.04517221908526259,1.0
123,00894 中信小資高價30,2023-06-19,2023-06-26,2023-06-16,2023-06-21,0.01020408163265306,3.0,3981.0,3984.0,-0.019519983221476633,domestic_etf,00894 中信小資高價30,14.9,14.63,15.905906046681027,0.00472016183411994,-0.008807588075880779,33673597.7,13210451.100000001,2259973.0,902970.0,0,0,-0.019519983221476633,0.0,0.0,-0.019519983221476633,0.0
124,00895 富邦未來車,2023-06-19,2023-06-26,2023-06-16,2023-06-21,0.01020408163265306,3.0,3981.0,3984.0,-0.019905709795704385,foreign_etf,00895 富邦未來車,19.09,18.71,19.09,0.00526592943654558,-0.03656024716786821,84850640.21,132455050.12,4444769.0,7079372.0,0,0,-0.019905709795704385,0.01728653745416464,0.01728653745416464,-0.03656024716786821,1.0
125,00896 中信綠能及電動車,2023-06-19,2023-06-26,2023-06-16,2023-06-21,0.01020408163265306,3.0,3981.0,3984.0,-0.007965686274509776,domestic_etf,00896 中信綠能及電動車,16.32,16.19,17.16110702131169,0.003073140749846548,-0.009785932721712576,36480716.160000004,32334570.860000003,2235338.0,1997194.0,0,0,-0.007965686274509776,0.0018382352941177516,0.0018382352941177516,-0.009785932721712576,1.0
126,00900 富邦特選高股息30,2023-06-19,2023-06-26,2023-06-16,2023-06-21,0.01020408163265306,3.0,3981.0,3984.0,-0.008964955175223999,domestic_etf,00900 富邦特選高股息30,12.27,12.16,13.938761633202601,-0.006477732793522151,-0.01218521527213634,175739394.03,144882727.68,14322689.0,11914698.0,0,0,-0.008964955175223999,0.0032599837000815146,0.0032599837000815146,-0.01218521527213634,1.0
127,00901 永豐智能車供應鏈,2023-06-19,2023-06-26,2023-06-16,2023-06-21,0.01020408163265306,3.0,3981.0,3984.0,-0.019803680981595018,domestic_etf,00901 永豐智能車供應鏈,14.67,14.4,15.339029850746266,0.0013651877133105117,-0.012345679012345623,15852915.45,8804808.0,1080635.0,611445.0,0,0,-0.019803680981595018,0.0,0.0,-0.019803680981595018,0.0
128,00902 中信電池及儲能,2023-06-19,2023-06-26,2023-06-16,2023-06-21,0.01020408163265306,3.0,3981.0,3984.0,-0.02380358880778599,foreign_etf,00902 中信電池及儲能,12.33,12.09,12.33,-0.008842443729903504,-0.016273393002440906,42607190.43,52230915.75,3455571.0,4320175.0,0,0,-0.01946472019464729,0.0,0.0,-0.01946472019464729,0.0
129,00903 富邦元宇宙,2023-06-19,2023-06-26,2023-06-16,2023-06-21,0.01020408163265306,3.0,3981.0,3984.0,-0.02591973244147172,foreign_etf,00903 富邦元宇宙,11.96,11.65,11.96,-0.007468879668049766,-0.024288107202680043,26038773.8,32288394.400000002,2177155.0,2771536.0,0,0,-0.02591973244147172,0.0,0.0,-0.02591973244147172,0.0
130,00904 新光臺灣半導體30,2023-06-19,2023-06-26,2023-06-16,2023-06-21,0.01020408163265306,3.0,3981.0,3984.0,-0.027247208007609713,domestic_etf,00904 新光臺灣半導體30,13.47,13.18,14.02566848563025,0.005223880597015063,-0.009022556390977488,9081824.22,5834258.8,674226.0,442660.0,0,0,-0.022923645137342463,0.0,0.0,-0.022923645137342463,0.0
131,00905 FT臺灣Smart,2023-06-19,2023-06-26,2023-06-16,2023-06-21,0.01020408163265306,3.0,3981.0,3984.0,-0.010040160642570406,domestic_etf,00905 FT臺灣Smart,9.96,9.86,10.26114221724524,-0.002004008016032066,-0.005045408678102992,24115261.560000002,12211531.12,2421211.0,1238492.0,0,0,-0.010040160642570406,0.0,0.0,-0.010040160642570406,0.0
132,00908 富邦入息REITs+,2023-06-19,2023-06-26,2023-06-16,2023-06-21,0.01020408163265306,3.0,3981.0,3984.0,-0.05752013600402228,其他證券,00908 富邦入息REITs+,12.12,11.49,12.585321156568574,0.007481296758104827,-0.04726368159203986,9742359.0,42314797.5,803825.0,3682750.0,0,0,-0.053331126237623705,0.0,0.0,-0.053331126237623705,0.0
133,00917 中信特選金融,2023-06-19,2023-06-26,2023-06-16,2023-06-21,0.01020408163265306,3.0,3981.0,3984.0,-0.02012987012987011,foreign_etf,00917 中信特選金融,15.4,15.09,15.4,-0.0019442644199610948,-0.01949317738791423,5640481.0,2517238.35,366265.0,166815.0,0,0,-0.02012987012987011,0.0,0.0,-0.02012987012987011,0.0
134,00920 富邦ESG綠色電力,2023-06-19,2023-06-26,2023-06-16,2023-06-21,0.01020408163265306,3.0,3981.0,3984.0,-0.049951037765251005,foreign_etf,00920 富邦ESG綠色電力,17.13,16.37,17.13,-0.0011661807580174433,-0.03649205414949952,6951199.829999999,6218373.680000001,405791.0,379864.0,0,0,-0.045728385872737864,0.0,0.0,-0.045728385872737864,0.0
135,020022 元大電動車N,2023-06-19,2023-06-26,2023-06-16,2023-06-21,0.01020408163265306,3.0,3981.0,3984.0,-0.015544041450777035,其他證券,020022 元大電動車N,7.72,7.6,7.72,-0.0012936610608021981,-0.02313624678663251,7550160.0,7524000.0,978000.0,990000.0,0,0,-0.015544041450777035,0.007772020725388851,0.007772020725388851,-0.02313624678663251,1.0
136,1108 幸福,2023-06-19,2023-06-26,2023-06-16,2023-06-21,0.01020408163265306,3.0,3981.0,3984.0,0.010392455621301977,水泥工業,1108 幸福,16.9,17.1,28.189065443887944,0.018072289156626287,0.0029325513196480912,32748329.9,29480365.8,1937771.0,1723998.0,0,0,-0.00437936390532534,0.010392455621301977,0.0,-0.00437936390532534,2.0
137,1215 卜蜂,2023-06-19,2023-06-26,2023-06-16,2023-06-21,0.01020408163265306,3.0,3981.0,3984.0,0.0031813361611876534,食品工業,1215 卜蜂,94.3,94.6,246.9356048004775,-0.007368421052631691,0.0010582010582009804,370378055.09999996,59973278.199999996,3927657.0,633967.0,0,0,0.0,0.0031813361611876534,0.0,0.0,3.0
138,1216 統一,2023-06-19,2023-06-26,2023-06-16,2023-06-21,0.01020408163265306,3.0,3981.0,3984.0,-0.03727392131979701,食品工業,1216 統一,78.8,76.2,231.0407831301165,0.020725388601036343,-0.015503875968992276,1297533880.8,636017320.8000001,16466166.0,8346684.0,0,0,-0.032994923857868064,0.0,0.0,-0.032994923857868064,0.0
139,1217 愛之味,2023-06-19,2023-06-26,2023-06-16,2023-06-21,0.01020408163265306,3.0,3981.0,3984.0,0.036981730769230614,食品工業,1217 愛之味,11.7,12.15,12.645781187729904,-0.004255319148936176,0.01673640167364021,17126190.9,95057712.0,1463777.0,7823680.0,0,0,-0.0014250000000000096,0.036981730769230614,0.0,-0.0014250000000000096,3.0
140,1303 南亞,2023-06-19,2023-06-26,2023-06-16,2023-06-21,0.01020408163265306,3.0,3981.0,3984.0,-0.01702721518987349,塑膠工業,1303 南亞,79.0,78.0,200.28160199809906,-0.013732833957553092,-0.007633587786259444,240934042.0,461326554.0,3049798.0,5914443.0,0,0,-0.012658227848101333,0.0,0.0,-0.012658227848101333,0.0
141,1402 遠東新,2023-06-19,2023-06-26,2023-06-16,2023-06-21,0.01020408163265306,3.0,3981.0,3984.0,0.012193095599392967,紡織纖維,1402 遠東新,32.95,33.5,88.7063911473858,0.0,0.013615733736762614,145660714.05,340194811.5,4420659.0,10155069.0,0,0,-0.0060698027314114444,0.01669195751138086,0.0,-0.0060698027314114444,2.0
142,1467 南緯,2023-06-19,2023-06-26,2023-06-16,2023-06-21,0.01020408163265306,3.0,3981.0,3984.0,-0.014414007354525915,紡織纖維,1467 南緯,11.6,11.5,16.913736023668914,0.0,-0.0043290043290044045,9291576.799999999,44208035.5,800998.0,3844177.0,0,0,-0.0100334051724138,0.0,0.0,-0.0100334051724138,0.0
143,1476 儒鴻,2023-06-19,2023-06-26,2023-06-16,2023-06-21,0.01020408163265306,3.0,3981.0,3984.0,0.006182389967237967,紡織纖維,1476 儒鴻,496.0,502.0,1372.4579032567885,0.006085192697768749,0.004000000000000226,658066016.0,463230540.0,1326746.0,922770.0,0,0,-0.013504536290322555,0.010654536290322758,0.0,-0.013504536290322555,2.0
144,1722 台肥,2023-06-19,2023-06-26,2023-06-16,2023-06-21,0.01020408163265306,3.0,3981.0,3984.0,-0.01247981391585784,化學工業,1722 台肥,61.8,61.3,117.91606640690574,0.0,-0.0016286644951141183,79960733.39999999,22534186.5,1293863.0,367605.0,0,0,-0.008090614886731573,0.0,0.0,-0.008090614886731573,0.0
145,1786 科妍,2023-06-19,2023-06-26,2023-06-16,2023-06-21,0.01020408163265306,3.0,3981.0,3984.0,0.005000836550836496,生技醫療業,1786 科妍,77.7,78.2,106.48640898763844,0.022368421052631593,-0.015113350125944613,48149835.300000004,47008835.2,619689.0,601136.0,0,0,-0.0014250000000000096,0.020422844272844243,0.0,-0.015113350125944613,3.0
146,2027 大成鋼,2023-06-19,2023-06-26,2023-06-16,2023-06-21,0.01020408163265306,3.0,3981.0,3984.0,-0.010660334029227392,鋼鐵工業,2027 大成鋼,47.9,47.6,141.5937724600373,-0.009307135470527528,0.00634249471458781,373884408.0,336445844.0,7805520.0,7068190.0,0,0,-0.012526096033402823,0.0,0.0,-0.012526096033402823,0.0
147,2101 南港,2023-06-19,2023-06-26,2023-06-16,2023-06-21,0.01020408163265306,3.0,3981.0,3984.0,-0.03626463395960855,橡膠工業,2101 南港,40.85,39.6,179.46457074037218,-0.012091898428053138,-0.023427866831072675,87063196.5,52465723.2,2131290.0,1324892.0,0,0,-0.031981150550795756,0.0,0.0,-0.031981150550795756,0.0
148,2303 聯電,2023-06-19,2023-06-26,2023-06-16,2023-06-21,0.01020408163265306,3.0,3981.0,3984.0,-0.013677555762081739,半導體業,2303 聯電,53.8,53.3,95.18454288159866,-0.012844036697247652,-0.011131725417439675,2448420784.0,4777245527.599999,45509680.0,89629372.0,0,0,-0.009293680297397744,0.0018587360594795044,0.0018587360594795044,-0.011131725417439675,1.0
149,2323 中環,2023-06-19,2023-06-26,2023-06-16,2023-06-21,0.01020408163265306,3.0,3981.0,3984.0,0.10015091173943036,光電業,2323 中環,13.6,15.05,9.354644403550424,0.01492537313432818,0.03082191780821919,559538544.0,1070601239.75,41142540.0,71136295.0,0,0,-0.0014250000000000096,0.10504071691176486,0.0,-0.0014250000000000096,3.0
150,2337 旺宏,2023-06-19,2023-06-26,2023-06-16,2023-06-21,0.01020408163265306,3.0,3981.0,3984.0,-0.013352427801170519,半導體業,2337 旺宏,34.9,32.85,33.87865385997573,0.001434720229555042,0.018604651162790642,1790164822.8999999,980552362.95,51294121.0,29849387.0,0,0,-0.027068164652567783,0.0,0.0,-0.027068164652567783,0.0
151,2369 菱生,2023-06-19,2023-06-26,2023-06-16,2023-06-21,0.01020408163265306,3.0,3981.0,3984.0,-0.0012237942122187428,半導體業,2369 菱生,15.55,15.6,31.29441747125406,-0.0032051282051281937,0.003215434083601254,26688822.650000002,15812503.2,1716323.0,1013622.0,0,0,-0.006430868167202619,0.003215434083601254,0.0,-0.006430868167202619,1.0
152,2374 佳能,2023-06-19,2023-06-26,2023-06-16,2023-06-21,0.01020408163265306,3.0,3981.0,3984.0,-0.003430693633191928,光電業,2374 佳能,20.6,20.65,47.87386040445405,-0.009615384615384581,-0.004819277108433884,14462868.600000001,9347263.799999999,702081.0,452652.0,0,0,-0.0014250000000000096,0.010693628640776831,0.0,-0.009592326139089002,3.0
153,2431 聯昌,2023-06-19,2023-06-26,2023-06-16,2023-06-21,0.01020408163265306,3.0,3981.0,3984.0,-0.021316932270916356,電子零組件業,2431 聯昌,12.55,12.3,18.238486161839663,0.020325203252032464,-0.023809523809523725,11594919.9,5578861.800000001,923898.0,453566.0,0,0,-0.021316932270916356,0.014488545816732978,0.014488545816732978,-0.03529411764705881,2.0
154,2451 創見,2023-06-19,2023-06-26,2023-06-16,2023-06-21,0.01020408163265306,3.0,3981.0,3984.0,-0.016027113638764523,半導體業,2451 創見,78.1,77.3,272.21729559317635,-0.008883248730964577,-0.008974358974358942,72163853.3,47383354.0,923993.0,612980.0,0,0,-0.011653681177977049,0.0,0.0,-0.011653681177977049,0.0
155,2462 良得電,2023-06-19,2023-06-26,2023-06-16,2023-06-21,0.01020408163265306,3.0,3981.0,3984.0,0.017950335820895447,電子零組件業,2462 良得電,33.5,34.15,99.67909824853518,0.001494768310911665,0.008862629246676468,36662534.0,75599972.3,1094404.0,2213762.0,0,0,-0.004405820895522439,0.017950335820895447,0.0,-0.004405820895522439,2.0
156,2485 兆赫,2023-06-19,2023-06-26,2023-06-16,2023-06-21,0.01020408163265306,3.0,3981.0,3984.0,-0.023185714285714254,通信網路業,2485 兆赫,20.65,20.2,53.18580267061327,0.03249999999999975,-0.009803921568627416,61455577.05,36733013.199999996,2976057.0,1818466.0,0,0,-0.023185714285714254,0.0,0.0,-0.023185714285714254,0.0
157,2537 聯上發,2023-06-19,2023-06-26,2023-06-16,2023-06-21,0.01020408163265306,3.0,3981.0,3984.0,0.010277759229729844,建材營造,2537 聯上發,7.4,7.52,12.980098937418944,0.020689655172413834,-0.006605019815059565,20716033.6,21491904.32,2799464.0,2857966.0,0,0,-0.0014250000000000096,0.021515236486486566,0.0,-0.006605019815059454,3.0
158,2603 長榮,2023-06-19,2023-06-26,2023-06-16,2023-06-21,0.01020408163265306,3.0,3981.0,3984.0,-0.018117229012345804,航運業,2603 長榮,162.0,160.0,132.13106873340735,-0.02409638554216864,0.012658227848101111,6144655464.0,7775721600.0,37929972.0,48598260.0,0,0,-0.02608117283950606,0.0016570216049383024,0.0016570216049383024,-0.02769230769230757,1.0
159,2617 台航,2023-06-19,2023-06-26,2023-06-16,2023-06-21,0.01020408163265306,3.0,3981.0,3984.0,-0.010717009598651961,航運業,2617 台航,30.6,30.45,71.81446049794286,-0.01449275362318836,0.0,22857802.2,16707123.299999999,746987.0,548674.0,0,0,-0.006319975490196028,0.0,0.0,-0.006319975490196028,0.0
160,2748 雲品,2023-06-19,2023-06-26,2023-06-16,2023-06-21,0.01020408163265306,3.0,3981.0,3984.0,-0.055778485981735404,觀光餐旅,2748 雲品,109.5,104.0,150.11873181559628,0.09719438877755526,-0.09956709956709964,1362280849.5,1301489904.0,12440921.0,12514326.0,0,1,-0.051581735159817566,0.09432876712328753,0.09432876712328753,-0.13333333333333341,2.0
161,3002 歐格,2023-06-19,2023-06-26,2023-06-16,2023-06-21,0.01020408163265306,3.0,3981.0,3984.0,0.043637241379310465,電腦及週邊設備業,3002 歐格,14.5,15.2,35.41003506863392,0.021126760563380254,0.06293706293706292,18116894.5,19863846.4,1249441.0,1306832.0,0,0,-0.027586206896551668,0.048275862068965614,0.0,-0.027586206896551668,1.0
162,3015 全漢,2023-06-19,2023-06-26,2023-06-16,2023-06-21,0.01020408163265306,3.0,3981.0,3984.0,-0.009300019189632747,電子零組件業,3015 全漢,52.7,48.5,200.06806717162772,0.00957854406130254,-0.004106776180698213,61801869.7,80904741.5,1172711.0,1668139.0,0,0,-0.009300019189632747,0.0,0.0,-0.009300019189632747,0.0
163,3035 智原,2023-06-19,2023-06-26,2023-06-16,2023-06-21,0.01020408163265306,3.0,3981.0,3984.0,0.02652493638676834,半導體業,3035 智原,196.5,202.0,358.88139712165156,0.0181347150259068,0.015075376884422065,2545931814.0,4233862834.0,12956396.0,20959717.0,0,0,-0.003965903307888152,0.02652493638676834,0.0,-0.003965903307888152,2.0
164,3037 欣興,2023-06-19,2023-06-26,2023-06-16,2023-06-21,0.01020408163265306,3.0,3981.0,3984.0,-0.03532002688679248,電子零組件業,3037 欣興,185.5,180.0,340.54573117297076,-0.02110817941952514,-0.03743315508021383,3088946000.0,3588204060.0,16652000.0,19934467.0,0,0,-0.03103234501347707,0.014724460916442084,0.014724460916442084,-0.04509283819628651,2.0
165,3042 晶技,2023-06-19,2023-06-26,2023-06-16,2023-06-21,0.01020408163265306,3.0,3981.0,3984.0,0.027820857773148022,電子零組件業,3042 晶技,94.5,97.7,316.2296757647071,0.0021208907741250282,0.014537902388369828,155230236.0,498240103.8,1642648.0,5099694.0,0,0,-0.0014250000000000096,0.032389179894179776,0.0,-0.0014250000000000096,3.0
166,3056 富華新,2023-06-19,2023-06-26,2023-06-16,2023-06-21,0.01020408163265306,3.0,3981.0,3984.0,-0.11867738550421769,建材營造,3056 富華新,48.9,43.35,126.4747703376701,-0.015105740181268867,-0.050383351588170755,167193305.4,345657120.6,3419086.0,7973636.0,0,0,-0.11476019938650295,0.0,0.0,-0.11476019938650295,0.0
167,3105 穩懋,2023-06-19,2023-06-26,2023-06-16,2023-06-21,0.01020408163265306,3.0,3981.0,3984.0,-0.07565804168012635,半導體業,3105 穩懋,178.0,165.5,155.5364944501831,-0.00835654596100277,-0.026470588235294135,453821680.0,619304310.0,2549560.0,3742020.0,0,0,-0.07154964887640447,0.0,0.0,-0.07154964887640447,0.0
168,3213 茂訊,2023-06-19,2023-06-26,2023-06-16,2023-06-21,0.01020408163265306,3.0,3981.0,3984.0,-0.025178987191045832,電腦及週邊設備業,3213 茂訊,61.7,60.5,268.1052319821232,0.03177257525083621,-0.021035598705501646,141192614.1,24472552.5,2288373.0,404505.0,0,0,-0.020846231766613044,0.003430307941652888,0.003430307941652888,-0.024193548387096864,2.0
169,3289 宜特,2023-06-19,2023-06-26,2023-06-16,2023-06-21,0.01020408163265306,3.0,3981.0,3984.0,0.005094532100108573,其他電子業,3289 宜特,91.9,92.5,136.9928526207707,-0.011827956989247101,-0.013859275053304976,182050407.8,342616115.0,1980962.0,3703958.0,0,0,-0.01446406420021773,0.019220184983677724,0.0,-0.01446406420021773,2.0
170,3548 兆利,2023-06-19,2023-06-26,2023-06-16,2023-06-21,0.01020408163265306,3.0,3981.0,3984.0,-0.043501130194129045,電子零組件業,3548 兆利,79.2,76.2,160.8836436660519,-0.005025125628140503,-0.010389610389610393,57538562.4,27376297.8,726497.0,359269.0,0,0,-0.03924981060606081,0.0,0.0,-0.03924981060606081,0.0
171,3615 安可,2023-06-19,2023-06-26,2023-06-16,2023-06-21,0.01020408163265306,3.0,3981.0,3984.0,-0.003634458140277408,光電業,3615 安可,22.5,22.55,32.85960393122181,0.008968609865470878,0.006696428571428825,7523010.0,13483005.8,334356.0,597916.0,0,0,-0.00808216666666639,0.0007940555555558948,0.0,-0.00808216666666639,1.0
172,3645 達邁,2023-06-19,2023-06-26,2023-06-16,2023-06-21,0.01020408163265306,3.0,3981.0,3984.0,0.014060477453580855,電子零組件業,3645 達邁,37.7,38.4,55.4427016778004,-0.04193138500635318,-0.005181347150259197,35947779.400000006,12370252.799999999,953522.0,322142.0,0,0,0.0,0.023872679045092937,0.0,-0.005181347150259197,3.0
173,3682 亞太,2023-06-19,2023-06-26,2023-06-16,2023-06-21,0.01020408163265306,3.0,3981.0,3984.0,-0.038607832618025695,電子工業,3682 亞太,6.99,6.75,4.700246703473414,0.021929824561403466,-0.008810572687224627,15946356.9,11683102.5,2281310.0,1730830.0,0,0,-0.03433476394849777,0.0,0.0,-0.03433476394849777,0.0
174,3702 大聯大,2023-06-19,2023-06-26,2023-06-16,2023-06-21,0.01020408163265306,3.0,3981.0,3984.0,0.01147172509225114,電子通路業,3702 大聯大,54.2,54.9,181.33538817822372,-0.009140767824497242,0.0018248175182482562,240813093.20000002,158845024.79999998,4443046.0,2893352.0,0,0,-0.0014250000000000096,0.01147172509225114,0.0,-0.0014250000000000096,3.0
175,3715 定穎投控,2023-06-19,2023-06-26,2023-06-16,2023-06-21,0.01020408163265306,3.0,3981.0,3984.0,-0.025200595238095147,電子零組件業,3715 定穎投控,29.4,28.7,29.4,0.022608695652173827,-0.05592105263157887,331681656.59999996,303564291.09999996,11281689.0,10577153.0,0,0,-0.025200595238095147,0.03254013605442174,0.03254013605442174,-0.05592105263157887,2.0
176,4744 皇將,2023-06-19,2023-06-26,2023-06-16,2023-06-21,0.01020408163265306,3.0,3981.0,3984.0,-0.007604300742574233,生技醫療業,4744 皇將,40.4,40.15,50.2390218270694,0.008739076154806513,-0.029020556227327687,56802400.0,48352645.0,1406000.0,1204300.0,0,0,-0.007604300742574233,0.02205634282178215,0.02205634282178215,-0.029020556227327687,2.0
177,4938 和碩,2023-06-19,2023-06-26,2023-06-16,2023-06-21,0.01020408163265306,3.0,3981.0,3984.0,-0.02766799610894921,電腦及週邊設備業,4938 和碩,77.1,75.3,144.42837039134236,-0.02774274905422447,-0.022077922077922252,914188500.9,833087875.1999999,11857179.0,11063584.0,0,0,-0.02334630350194533,0.0,0.0,-0.02334630350194533,0.0
178,4960 奇美材,2023-06-19,2023-06-26,2023-06-16,2023-06-21,0.01020408163265306,3.0,3981.0,3984.0,-0.014197949044117752,光電業,4960 奇美材,11.9,11.8,16.32955020601293,0.012765957446808418,-0.008403361344537785,77173761.0,25702264.400000002,6485190.0,2178158.0,0,0,-0.014012079831932756,0.0,0.0,-0.014012079831932756,0.0
179,4966 譜瑞-KY,2023-06-19,2023-06-26,2023-06-16,2023-06-21,0.01020408163265306,3.0,3981.0,3984.0,-0.04779121781909279,半導體業,4966 譜瑞-KY,1185.0,1135.0,2077.016305110771,-0.016597510373443924,-0.017316017316017285,722436435.0,1351554595.0,609651.0,1190797.0,0,0,-0.04355896624472566,0.0,0.0,-0.04355896624472566,0.0
180,5469 瀚宇博,2023-06-19,2023-06-26,2023-06-16,2023-06-21,0.01020408163265306,3.0,3981.0,3984.0,0.04208832402234619,電子零組件業,5469 瀚宇博,44.75,46.7,142.4920064810333,0.01589103291713978,0.02412280701754388,267358561.75,261729075.9,5974493.0,5604477.0,0,0,-0.0014250000000000096,0.04208832402234619,0.0,-0.0014250000000000096,3.0
181,5512 力麒,2023-06-19,2023-06-26,2023-06-16,2023-06-21,0.01020408163265306,3.0,3981.0,3984.0,-0.020182487244591596,建材營造,5512 力麒,10.4,10.25,30.915572698955472,-0.004784688995215114,-0.023809523809523836,49943940.800000004,32743543.0,4802302.0,3194492.0,0,0,-0.01582752403846177,0.008176682692307535,0.008176682692307535,-0.023809523809523836,2.0
182,6126 信音,2023-06-19,2023-06-26,2023-06-16,2023-06-21,0.01020408163265306,3.0,3981.0,3984.0,-0.03648549831549652,電子零組件業,6126 信音,29.2,28.3,89.78772405231012,0.01565217391304352,-0.01736111111111105,54073494.4,26580293.900000002,1851832.0,939233.0,0,0,-0.032202996575342424,0.0,0.0,-0.032202996575342424,0.0
183,6146 耕興,2023-06-19,2023-06-26,2023-06-16,2023-06-21,0.01020408163265306,3.0,3981.0,3984.0,-0.011784867516185349,其他電子業,6146 耕興,251.0,249.5,597.9641154520583,-0.011811023622047334,-0.003992015968063978,77476170.0,111967117.0,308670.0,448766.0,0,0,-0.007392579681274936,0.0,0.0,-0.007392579681274936,0.0
184,6191 精成科,2023-06-19,2023-06-26,2023-06-16,2023-06-21,0.01020408163265306,3.0,3981.0,3984.0,0.045956969157770144,電子零組件業,6191 精成科,42.15,44.15,96.12715777908382,-0.0047225501770955525,0.0219907407407407,101897709.3,229507196.65,2417502.0,5198351.0,0,0,-0.0014250000000000096,0.045956969157770144,0.0,-0.0014250000000000096,2.0
185,6194 育富,2023-06-19,2023-06-26,2023-06-16,2023-06-21,0.01020408163265306,3.0,3981.0,3984.0,-0.06733789884664954,電子零組件業,6194 育富,33.95,31.85,54.247529583422555,0.08466453674121421,-0.010869565217391353,80867100.65,15043169.05,2381947.0,472313.0,0,0,-0.0631925257731959,0.0,0.0,-0.0631925257731959,0.0
186,6219 富旺,2023-06-19,2023-06-26,2023-06-16,2023-06-21,0.01020408163265306,3.0,3981.0,3984.0,0.12046304937243835,建材營造,6219 富旺,12.2,13.75,3.0482244459056584,0.008264462809917328,0.0185185185185186,16778635.599999998,23174841.25,1375298.0,1685443.0,0,0,-0.0014250000000000096,0.12544313524590156,0.0,-0.0014250000000000096,3.0
187,6239 力成,2023-06-19,2023-06-26,2023-06-16,2023-06-21,0.01020408163265306,3.0,3981.0,3984.0,0.023396196966911864,半導體業,6239 力成,102.0,105.0,394.59728437059863,-0.02392344497607657,0.01449275362318847,462887016.0,304659915.0,4538108.0,2901523.0,0,0,-0.0014250000000000096,0.027944852941176546,0.0,-0.0014250000000000096,3.0
188,6271 同欣電,2023-06-19,2023-06-26,2023-06-16,2023-06-21,0.01020408163265306,3.0,3981.0,3984.0,-0.029639988924534566,半導體業,6271 同欣電,188.0,183.5,275.0720442456309,-0.018276762402088753,0.0,725626044.0,532584711.5,3859713.0,2902369.0,0,0,-0.025327061170212772,0.0,0.0,-0.025327061170212772,0.0
189,6285 啟碁,2023-06-19,2023-06-26,2023-06-16,2023-06-21,0.01020408163265306,3.0,3981.0,3984.0,-0.029761680807400492,通信網路業,6285 啟碁,95.6,93.3,444.6012254660572,0.017021276595744705,-0.009554140127388533,1260037062.3999999,365610418.2,13180304.0,3918654.0,0,0,-0.025449293933054284,0.0,0.0,-0.025449293933054284,0.0
190,6462 神盾,2023-06-19,2023-06-26,2023-06-16,2023-06-21,0.01020408163265306,3.0,3981.0,3984.0,0.023832613255597046,半導體業,6462 神盾,100.5,103.5,139.47752036908926,0.09716157205240172,-0.023584905660377298,273303720.0,120545415.0,2719440.0,1164690.0,0,0,-0.0014250000000000096,0.07806355721393032,0.0,-0.04608294930875578,3.0
191,6510 精測,2023-06-19,2023-06-26,2023-06-16,2023-06-21,0.01020408163265306,3.0,3981.0,3984.0,-0.021377386650390795,半導體業,6510 精測,576.0,567.0,649.8533050592116,-0.013698630136986245,0.0017667844522968323,168896448.0,219506679.0,293223.0,387137.0,0,0,-0.018761371527777904,0.0,0.0,-0.018761371527777904,0.0
192,6592 和潤企業,2023-06-19,2023-06-26,2023-06-16,2023-06-21,0.01020408163265306,3.0,3981.0,3984.0,-0.009344244746918862,其他,6592 和潤企業,142.0,141.5,160.0845590952768,-0.027397260273972712,0.010714285714285898,256828016.0,185196332.0,1808648.0,1308808.0,0,0,-0.015489436619718355,0.0,0.0,-0.015489436619718355,0.0
193,6670 復盛應用,2023-06-19,2023-06-26,2023-06-16,2023-06-21,0.01020408163265306,3.0,3981.0,3984.0,-0.04846707708779441,運動休閒,6670 復盛應用,233.5,222.5,285.02164709997953,0.0331858407079646,-0.04094827586206884,235970430.0,122515620.0,1010580.0,550632.0,0,0,-0.04846707708779441,0.011404657387580341,0.011404657387580341,-0.059196617336152224,1.0
194,8016 矽創,2023-06-19,2023-06-26,2023-06-16,2023-06-21,0.01020408163265306,3.0,3981.0,3984.0,-0.023448726114649654,半導體業,8016 矽創,235.5,231.0,974.4322997209628,-0.012578616352201255,-0.023255813953488413,167018013.0,159460224.0,709206.0,690304.0,0,0,-0.019108280254777066,0.00424628450106157,0.00424628450106157,-0.023255813953488413,2.0
195,8027 鈦昇,2023-06-19,2023-06-26,2023-06-16,2023-06-21,0.01020408163265306,3.0,3981.0,3984.0,-0.063662154799071,電機機械,8027 鈦昇,61.9,58.3,72.70744876806702,0.0016181229773462036,-0.03953871499176276,83825846.6,61356319.199999996,1354214.0,1052424.0,0,0,-0.059500444264943386,0.0,0.0,-0.059500444264943386,0.0
196,8081 致新,2023-06-19,2023-06-26,2023-06-16,2023-06-21,0.01020408163265306,3.0,3981.0,3984.0,-0.023285033070175598,半導體業,8081 致新,199.5,196.0,593.1854140493712,-0.02444987775061125,-0.01754385964912286,93567295.5,52844148.0,469009.0,269613.0,0,0,-0.01894385964912293,0.0,0.0,-0.01894385964912293,0.0
197,8110 華東,2023-06-19,2023-06-26,2023-06-16,2023-06-21,0.01020408163265306,3.0,3981.0,3984.0,-0.0085070921985817,半導體業,8110 華東,14.1,14.0,20.96031566240918,0.003558718861210064,-0.014084507042253613,18197022.9,14955164.0,1290569.0,1068226.0,0,0,-0.0085070921985817,0.005657092198581459,0.005657092198581459,-0.014084507042253613,1.0
198,8163 達方,2023-06-19,2023-06-26,2023-06-16,2023-06-21,0.01020408163265306,3.0,3981.0,3984.0,-0.034188171937698075,電腦及週邊設備業,8163 達方,47.35,46.0,120.8466519607176,-0.010449320794148398,-0.014989293361884481,27844309.55,44199008.0,588053.0,960848.0,0,0,-0.029895459345301023,0.0,0.0,-0.029895459345301023,0.0
199,8916 光隆,2023-06-19,2023-06-26,2023-06-16,2023-06-21,0.01020408163265306,3.0,3981.0,3984.0,-0.011198216667414829,其他,8916 光隆,55.7,55.4,139.13759966415003,-0.01763668430335097,-0.003597122302158251,43282687.6,11695771.0,777068.0,211115.0,0,0,-0.006803321364452497,0.0,0.0,-0.006803321364452497,0.0
200,9943 好樂迪,2023-06-19,2023-06-26,2023-06-16,2023-06-21,0.01020408163265306,3.0,3981.0,3984.0,-0.049605598737440415,觀光餐旅,9943 好樂迪,104.5,99.9,194.2962754210985,0.004807692307692291,-0.030097087378640808,210241878.0,136972190.70000002,2011884.0,1371093.0,0,0,-0.04538141148325381,0.0033528708133969687,0.0033528708133969687,-0.0485714285714286,1.0
201,9962 有益,2023-06-19,2023-06-26,2023-06-16,2023-06-21,0.01020408163265306,3.0,3981.0,3984.0,-0.005843694374999875,鋼鐵工業,9962 有益,19.95,19.95,48.82067466484463,-0.012376237623762498,0.002512562814070307,14594103.299999999,7833886.2,731534.0,392676.0,0,0,-0.003927694235588808,0.0010776942355892327,0.0010776942355892327,-0.0050000000000001155,1.0
202,0050 元大台灣50,2023-06-26,2023-07-03,2023-06-21,2023-06-30,0.010526315789473684,5.0,3984.0,3989.0,0.0028643737957612103,domestic_etf,0050 元大台灣50,129.75,130.7,236.3052496399799,-0.006127920337035686,0.012393493415956636,1032999305.25,912244568.0999999,7961459.0,6979683.0,0,0,-0.006551059730250497,0.007321772639691915,0.0,-0.006551059730250497,1.0
203,0056 元大高股息,2023-06-26,2023-07-03,2023-06-21,2023-06-30,0.010526315789473684,5.0,3984.0,3989.0,0.014342386328959345,domestic_etf,0056 元大高股息,32.77,33.24,70.52995853394098,-0.0018275967103257296,0.017447199265381075,854289027.57,1391955481.0800002,26069241.0,41875917.0,0,0,-0.01800427220018319,0.014342386328959345,0.0,-0.01800427220018319,1.0
204,00642U 期元大S&P石油,2023-06-26,2023-07-03,2023-06-21,2023-06-30,0.010526315789473684,5.0,3984.0,3989.0,0.00904496370787955,vanilla_futures_etf,00642U 期元大S&P石油,14.69,14.91,14.69,-0.02779616148246189,0.010162601626016343,263936449.26999998,150271597.98,17967083.0,10078578.0,0,0,-0.017739363512593642,0.01352983321987744,0.006732181756296862,-0.024307900067522037,3.0
205,00690 兆豐藍籌30,2023-06-26,2023-07-03,2023-06-21,2023-06-30,0.010526315789473684,5.0,3984.0,3989.0,0.0017339428675402502,domestic_etf,00690 兆豐藍籌30,27.48,27.65,37.60787507720683,-0.01151079136690647,0.0032656023222061847,13007740.44,8886405.85,473353.0,321389.0,0,0,-0.0047307132459970536,0.006186317321688728,0.0,-0.0047307132459970536,2.0
206,00693U 期街口S&P黃豆,2023-06-26,2023-07-03,2023-06-21,2023-06-30,0.010526315789473684,5.0,3984.0,3989.0,0.04413774190779818,vanilla_futures_etf,00693U 期街口S&P黃豆,27.25,28.62,27.25,-0.02817403708987154,0.07070707070707072,10872205.0,13558610.52,398980.0,473746.0,0,0,-0.029275165137614745,0.04877858715596339,0.0,-0.029275165137614745,1.0
207,00701 國泰股利精選30,2023-06-26,2023-07-03,2023-06-21,2023-06-30,0.010526315789473684,5.0,3984.0,3989.0,0.0007252089136489115,domestic_etf,00701 國泰股利精選30,25.13,25.26,32.01348345223384,0.0,0.010804321728691502,32572852.619999997,40143116.22,1296174.0,1589197.0,0,0,-0.009152407481098357,0.005173099880620757,0.0,-0.009152407481098357,1.0
208,00731 復華富時高息低波,2023-06-26,2023-07-03,2023-06-21,2023-06-30,0.010526315789473684,5.0,3984.0,3989.0,0.0034389415481830277,domestic_etf,00731 復華富時高息低波,63.3,63.8,82.26771810458366,-0.004716981132075415,0.014308426073131875,50236335.9,44579612.0,793623.0,698740.0,0,0,-0.012638230647709414,0.007898894154818148,0.0,-0.012638230647709414,1.0
209,00733 富邦臺灣中小,2023-06-26,2023-07-03,2023-06-21,2023-06-30,0.010526315789473684,5.0,3984.0,3989.0,0.04695425455662505,domestic_etf,00733 富邦臺灣中小,48.83,51.35,57.421298900868614,-0.016911616670022278,0.0373737373737375,27337524.33,39897717.6,559851.0,776976.0,0,0,-0.03829612942862992,0.05160761826745852,0.0,-0.03829612942862992,2.0
210,00830 國泰費城半導體,2023-06-26,2023-07-03,2023-06-21,2023-06-30,0.010526315789473684,5.0,3984.0,3989.0,0.045940843297671785,foreign_etf,00830 國泰費城半導體,31.78,33.24,35.17075987759113,-0.03139286802804031,0.0146520146520146,164327261.28,120286917.60000001,5170776.0,3618740.0,0,0,-0.0009439899307739363,0.045940843297671785,0.0,-0.0012195121951217303,4.0
211,00876 元大全球5G,2023-06-26,2023-07-03,2023-06-21,2023-06-30,0.010526315789473684,5.0,3984.0,3989.0,0.03333470199796773,foreign_etf,00876 元大全球5G,29.53,30.65,29.53,-0.020238885202388812,0.013893483294740161,12901066.4,16732601.25,436880.0,545925.0,0,0,0.0,0.03792753132407678,0.0,0.0,5.0
212,00877 復華中國5G,2023-06-26,2023-07-03,2023-06-21,2023-06-30,0.010526315789473684,5.0,3984.0,3989.0,0.004277578671328719,其他證券,00877 復華中國5G,11.44,11.54,11.44,-0.0394626364399665,0.0017361111111111605,20456824.96,15643439.36,1788184.0,1355584.0,0,0,-0.02534965034965031,0.00874125874125875,0.0008741258741258306,-0.026200873362445365,3.0
213,00878 國泰永續高股息,2023-06-26,2023-07-03,2023-06-21,2023-06-30,0.010526315789473684,5.0,3984.0,3989.0,0.012448132780082943,domestic_etf,00878 國泰永續高股息,19.28,19.52,22.52284309445593,-0.0036175710594316124,0.014025974025974053,983620639.0400001,1379177928.6399999,51017668.0,70654607.0,0,0,-0.012966804979253066,0.012448132780082943,0.0,-0.012966804979253066,1.0
214,00881 國泰台灣科技龍頭,2023-06-26,2023-07-03,2023-06-21,2023-06-30,0.010526315789473684,5.0,3984.0,3989.0,0.01096438763376928,domestic_etf,00881 國泰台灣科技龍頭,16.82,17.08,18.672092564568665,-0.009422850412249661,0.01545778834720557,166118726.84,312235141.67999995,9876262.0,18280746.0,0,0,-0.008917954815695461,0.01545778834720557,0.0,-0.008917954815695461,1.0
215,00888 永豐台灣ESG,2023-06-26,2023-07-03,2023-06-21,2023-06-30,0.010526315789473684,5.0,3984.0,3989.0,-0.010669024390243864,其他證券,00888 永豐台灣ESG,14.35,14.26,15.783354530173542,-0.007607192254495243,0.0035186488388458947,64121310.4,52278657.3,4468384.0,3666105.0,0,0,-0.013240418118466768,0.0,0.0,-0.013240418118466768,0.0
216,00891 中信關鍵半導體,2023-06-26,2023-07-03,2023-06-21,2023-06-30,0.010526315789473684,5.0,3984.0,3989.0,-0.002989419610670674,domestic_etf,00891 中信關鍵半導體,13.87,13.89,15.341099689247109,-0.009992862241256284,0.006521739130434634,80421658.14999999,49470721.230000004,5798245.0,3561607.0,0,0,-0.008651766402307137,0.0014419610670510785,0.0,-0.008651766402307137,1.0
217,00893 國泰智能電動車,2023-06-26,2023-07-03,2023-06-21,2023-06-30,0.010526315789473684,5.0,3984.0,3989.0,0.04376108811354218,foreign_etf,00893 國泰智能電動車,16.91,17.65,16.91,-0.04517221908526259,0.026759744037230693,369289102.64,382130954.34999996,21838504.0,21650479.0,0,0,-0.021289178001182685,0.04376108811354218,0.0,-0.021289178001182685,3.0
218,00894 中信小資高價30,2023-06-26,2023-07-03,2023-06-21,2023-06-30,0.010526315789473684,5.0,3984.0,3989.0,0.018712081339712805,domestic_etf,00894 中信小資高價30,14.63,14.97,15.617678218989491,-0.008807588075880779,0.016983695652174058,13210451.100000001,40377548.07,902970.0,2697231.0,0,0,-0.009569377990430672,0.02323991797675995,0.0,-0.009569377990430672,2.0
219,00895 富邦未來車,2023-06-26,2023-07-03,2023-06-21,2023-06-30,0.010526315789473684,5.0,3984.0,3989.0,0.024308858898984154,foreign_etf,00895 富邦未來車,18.71,19.25,18.71,-0.03656024716786821,0.021220159151193574,132455050.12,89537274.75,7079372.0,4651287.0,0,0,-0.022447888829502993,0.028861571352217785,0.0,-0.022447888829502993,3.0
220,00896 中信綠能及電動車,2023-06-26,2023-07-03,2023-06-21,2023-06-30,0.010526315789473684,5.0,3984.0,3989.0,0.005413912909203233,domestic_etf,00896 中信綠能及電動車,16.19,16.35,17.024407026656633,-0.009785932721712576,0.01742377100186676,32334570.860000003,32771629.35,1997194.0,2004381.0,0,0,-0.014823965410747486,0.009882643607164843,0.0,-0.014823965410747486,1.0
221,00898 國泰基因免疫革命,2023-06-26,2023-07-03,2023-06-21,2023-06-30,0.010526315789473684,5.0,3984.0,3989.0,-0.005843694375000097,foreign_etf,00898 國泰基因免疫革命,7.58,7.58,7.58,-0.019404915912031084,0.0053050397877985045,2626902.06,4738356.54,346557.0,625113.0,0,0,-0.013281431398416976,0.0,0.0,-0.013281431398416976,0.0
222,00900 富邦特選高股息30,2023-06-26,2023-07-03,2023-06-21,2023-06-30,0.010526315789473684,5.0,3984.0,3989.0,0.02013688322368412,domestic_etf,00900 富邦特選高股息30,12.16,12.46,13.813801259962807,-0.01218521527213634,0.019639934533551395,144882727.68,216959002.4,11914698.0,17412440.0,0,0,-0.011513157894736947,0.02467105263157876,0.0,-0.011513157894736947,2.0
223,00901 永豐智能車供應鏈,2023-06-26,2023-07-03,2023-06-21,2023-06-30,0.010526315789473684,5.0,3984.0,3989.0,0.012167916666667056,domestic_etf,00901 永豐智能車供應鏈,14.4,14.64,15.056716417910446,-0.012345679012345623,0.015961138098542715,8804808.0,23210197.44,611445.0,1585396.0,0,0,-0.009722222222222188,0.01666666666666705,0.0,-0.009722222222222188,2.0
224,00903 富邦元宇宙,2023-06-26,2023-07-03,2023-06-21,2023-06-30,0.010526315789473684,5.0,3984.0,3989.0,0.036909871244635184,foreign_etf,00903 富邦元宇宙,11.65,12.08,11.65,-0.024288107202680043,0.014273719563392184,32288394.400000002,29537617.36,2771536.0,2445167.0,0,0,-0.01373390557939913,0.036909871244635184,0.0,-0.01373390557939913,4.0
225,00905 FT臺灣Smart,2023-06-26,2023-07-03,2023-06-21,2023-06-30,0.010526315789473684,5.0,3984.0,3989.0,0.01724137931034453,domestic_etf,00905 FT臺灣Smart,9.86,10.03,10.158118701007837,-0.005045408678102992,0.01415571284125372,12211531.12,40832460.989999995,1238492.0,4071033.0,0,0,-0.007099391480730244,0.01724137931034453,0.0,-0.007099391480730244,2.0
226,00917 中信特選金融,2023-06-26,2023-07-03,2023-06-21,2023-06-30,0.010526315789473684,5.0,3984.0,3989.0,0.028495692511597115,foreign_etf,00917 中信特選金融,15.09,15.52,15.09,-0.01949317738791423,0.007138221933809197,2517238.35,17142631.52,166815.0,1104551.0,0,0,0.0,0.028495692511597115,0.0,0.0,4.0
227,00923 群益台ESG低碳50,2023-06-26,2023-07-03,2023-06-21,2023-06-30,0.010526315789473684,5.0,3984.0,3989.0,-0.002195414354357883,domestic_etf,00923 群益台ESG低碳50,16.35,16.41,16.35,-0.006682867557715633,0.01109057301293892,52735469.85,29743764.990000002,3225411.0,1812539.0,0,0,-0.011196987767584154,0.0022394954128439615,0.0,-0.011196987767584154,1.0
228,01003T 兆豐新光R1,2023-06-26,2023-07-03,2023-06-21,2023-06-30,0.010526315789473684,5.0,3984.0,3989.0,-0.02520452822548669,其他證券,01003T 兆豐新光R1,22.08,21.65,35.8761479045262,0.008219178082191858,0.006976744186046435,131353919.99999999,19052000.0,5949000.0,880000.0,0,0,-0.027655683876811388,0.008524569746376942,0.008524569746376942,-0.03587443946188329,1.0
229,020022 元大電動車N,2023-06-26,2023-07-03,2023-06-21,2023-06-30,0.010526315789473684,5.0,3984.0,3989.0,0.052631578947368585,其他證券,020022 元大電動車N,7.6,8.0,7.6,-0.02313624678663251,0.03896103896103886,7524000.0,12664000.0,990000.0,1583000.0,0,0,-0.019736842105263053,0.052631578947368585,0.0,-0.019736842105263053,2.0
230,1108 幸福,2023-06-26,2023-07-03,2023-06-21,2023-06-30,0.010526315789473684,5.0,3984.0,3989.0,-0.007336038011696244,水泥工業,1108 幸福,17.1,17.05,28.522663851507925,0.0029325513196480912,0.002941176470588225,29480365.8,14695002.850000001,1723998.0,861877.0,0,0,-0.023391812865497186,0.005847953216373991,0.0,-0.023391812865497186,2.0
231,1215 卜蜂,2023-06-26,2023-07-03,2023-06-21,2023-06-30,0.010526315789473684,5.0,3984.0,3989.0,-0.02863031183932352,食品工業,1215 卜蜂,94.6,92.3,247.721189969514,0.0010582010582009804,-0.018085106382978777,59973278.199999996,154650403.7,633967.0,1675519.0,0,0,-0.024312896405919715,0.011627906976744207,0.011627906976744207,-0.03552769070010453,2.0
232,1217 愛之味,2023-06-26,2023-07-03,2023-06-21,2023-06-30,0.010526315789473684,5.0,3984.0,3989.0,0.02835113168724268,食品工業,1217 愛之味,12.15,12.55,13.132157387257978,0.01673640167364021,-0.01953125,95057712.0,147079787.75,7823680.0,11719505.0,0,0,-0.024691358024691357,0.05349794238683114,0.0,-0.024691358024691357,2.0
233,1219 福壽,2023-06-26,2023-07-03,2023-06-21,2023-06-30,0.010526315789473684,5.0,3984.0,3989.0,0.024781973807760815,食品工業,1219 福壽,21.1,21.75,36.43005184864055,-0.007058823529411784,0.011627906976743985,7633114.9,109166142.75,361759.0,5019133.0,0,0,-0.0014250000000000096,0.029336789099526195,0.0,-0.0014250000000000096,4.0
234,1234 黑松,2023-06-26,2023-07-03,2023-06-21,2023-06-30,0.010526315789473684,5.0,3984.0,3989.0,-0.030727225266686697,食品工業,1234 黑松,41.95,40.9,64.99585832795023,-0.007100591715976434,-0.00848484848484854,39838866.25,37563541.6,949675.0,918424.0,0,0,-0.03951129320619773,0.0,0.0,-0.03951129320619773,0.0
235,1313 聯成,2023-06-26,2023-07-03,2023-06-21,2023-06-30,0.010526315789473684,5.0,3984.0,3989.0,0.03572381666158542,塑膠工業,1313 聯成,14.35,14.95,39.79450411767038,-0.010344827586206806,0.006734006734006703,8270708.6,20137694.849999998,576356.0,1347003.0,0,0,-0.0014250000000000096,0.047285975609756115,0.0,-0.01661129568106323,5.0
236,1444 力麗,2023-06-26,2023-07-03,2023-06-21,2023-06-30,0.010526315789473684,5.0,3984.0,3989.0,0.03080722933467772,紡織纖維,1444 力麗,10.85,11.25,21.756231702463506,-0.004587155963302836,-0.013157894736842035,17295822.25,43409340.0,1594085.0,3858608.0,0,0,-0.0014250000000000096,0.04919400921659012,0.0,-0.013157894736842146,5.0
237,1447 力鵬,2023-06-26,2023-07-03,2023-06-21,2023-06-30,0.010526315789473684,5.0,3984.0,3989.0,-0.0020921611462265677,紡織纖維,1447 力鵬,7.95,7.98,13.555675127434286,-0.005006257822277815,-0.0062266500622664145,5052185.25,7419907.74,635495.0,929813.0,0,0,-0.0077053459119497125,0.008623553459119249,0.0,-0.0077053459119497125,3.0
238,1521 大億,2023-06-26,2023-07-03,2023-06-21,2023-06-30,0.010526315789473684,5.0,3984.0,3989.0,-0.02896360845930246,汽車工業,1521 大億,40.85,39.9,107.22409159300369,0.009888751545117369,0.010126582278480845,3075923.3000000003,2399107.1999999997,75298.0,60128.0,0,0,-0.03442564259485925,0.002241738066095511,0.002241738066095511,-0.03658536585365857,1.0
239,1540 喬福,2023-06-26,2023-07-03,2023-06-21,2023-06-30,0.010526315789473684,5.0,3984.0,3989.0,0.005171887958795196,電機機械,1540 喬福,18.05,18.25,66.31987769714691,0.014044943820224587,0.03107344632768383,21913891.3,22051402.0,1214066.0,1208296.0,0,0,-0.03461862880886424,0.009639542936288326,0.0,-0.03461862880886424,1.0
240,1568 倉佑,2023-06-26,2023-07-03,2023-06-21,2023-06-30,0.010526315789473684,5.0,3984.0,3989.0,-0.021079806338601514,汽車工業,1568 倉佑,26.1,25.7,34.45410681306993,-0.015094339622641506,-0.003875968992248069,6398362.800000001,11816474.5,245148.0,459785.0,0,0,-0.03777159961685839,0.0004879789272029811,0.0,-0.03777159961685839,1.0
241,1608 華榮,2023-06-26,2023-07-03,2023-06-21,2023-06-30,0.010526315789473684,5.0,3984.0,3989.0,-0.00794550474630007,電器電纜,1608 華榮,23.65,23.6,45.5781062775021,0.0,0.01505376344086029,76888089.3,119735898.0,3251082.0,5073555.0,0,0,-0.0394257399577167,0.0,0.0,-0.0394257399577167,0.0
242,1616 億泰,2023-06-26,2023-07-03,2023-06-21,2023-06-30,0.010526315789473684,5.0,3984.0,3989.0,-0.040574045663209546,電器電纜,1616 億泰,11.45,11.05,13.627102591715104,0.02690582959641241,0.04739336492891,18680675.0,14426051.25,1631500.0,1305525.0,0,0,-0.07991561135371172,0.0,0.0,-0.07991561135371172,0.0
243,1717 長興,2023-06-26,2023-07-03,2023-06-21,2023-06-30,0.010526315789473684,5.0,3984.0,3989.0,-0.014992372034126067,化學工業,1717 長興,32.6,32.3,125.98374271629699,-0.012121212121212088,0.0,34006364.0,24085528.599999998,1043140.0,745682.0,0,0,-0.010614340490797791,0.00010655674846615781,0.00010655674846615781,-0.010719754977029261,1.0
244,1723 中碳,2023-06-26,2023-07-03,2023-06-21,2023-06-30,0.010526315789473684,5.0,3984.0,3989.0,-0.022552203713235297,化學工業,1723 中碳,119.0,117.0,318.32790100660975,0.008474576271186418,0.0042918454935620964,89693156.0,43640883.0,753724.0,372999.0,0,0,-0.02240346638655455,0.0,0.0,-0.02240346638655455,0.0
245,1736 喬山,2023-06-26,2023-07-03,2023-06-21,2023-06-30,0.010526315789473684,5.0,3984.0,3989.0,0.013954581981685532,運動休閒,1736 喬山,70.3,71.7,226.93796595720124,0.0,-0.0013927576601671099,57983721.199999996,37981641.0,824804.0,529730.0,0,0,-0.022731721194879206,0.03692709815078232,0.0,-0.022731721194879206,3.0
246,1786 科妍,2023-06-26,2023-07-03,2023-06-21,2023-06-30,0.010526315789473684,5.0,3984.0,3989.0,0.16235290920716072,生技醫療業,1786 科妍,78.2,91.3,107.17164971471462,-0.015113350125944613,0.008839779005524795,47008835.2,241213960.9,601136.0,2641993.0,0,0,0.0,0.16751918158567736,0.0,0.0,5.0
247,1904 正隆,2023-06-26,2023-07-03,2023-06-21,2023-06-30,0.010526315789473684,5.0,3984.0,3989.0,0.01040551715824689,造紙工業,1904 正隆,34.75,34.2,76.0093102371113,0.04354354354354362,0.004405286343612369,1106052989.25,239771377.8,31828863.0,7010859.0,0,0,-0.01626266716196112,0.016380200594353855,0.003026300148588623,-0.019230769230769162,4.0
248,2317 鴻海,2023-06-26,2023-07-03,2023-06-21,2023-06-30,0.010526315789473684,5.0,3984.0,3989.0,-0.010147401325757421,其他電子業,2317 鴻海,115.5,115.0,580.3126240745846,0.022123893805309658,0.017699115044247815,11604849217.5,10121316750.0,100474885.0,88011450.0,0,0,-0.023039177489177276,0.0,0.0,-0.023039177489177276,0.0
249,2329 華泰,2023-06-26,2023-07-03,2023-06-21,2023-06-30,0.010526315789473684,5.0,3984.0,3989.0,0.10059217433656031,半導體業,2329 華泰,22.8,24.3,9.701768190924973,-0.02771855010660962,0.0565217391304349,90517299.60000001,555645573.9,3970057.0,22866073.0,0,0,-0.00361485745614043,0.10548394077448742,0.0,-0.00361485745614043,3.0
250,2426 鼎元,2023-06-26,2023-07-03,2023-06-21,2023-06-30,0.010526315789473684,5.0,3984.0,3989.0,-0.019170186407506673,光電業,2426 鼎元,18.65,18.4,26.943765104861384,-0.007978723404255539,0.0027247956403269047,9812548.299999999,12267298.399999999,526142.0,666701.0,0,0,-0.022842158176943572,0.0,0.0,-0.022842158176943572,0.0
251,2431 聯昌,2023-06-26,2023-07-03,2023-06-21,2023-06-30,0.010526315789473684,5.0,3984.0,3989.0,-0.012519105691057075,電子零組件業,2431 聯昌,12.3,12.2,17.8751697044325,-0.023809523809523725,0.016666666666666607,5578861.800000001,5071637.6,453566.0,415708.0,0,0,-0.03658536585365868,0.0,0.0,-0.03658536585365868,0.0
252,2455 全新,2023-06-26,2023-07-03,2023-06-21,2023-06-30,0.010526315789473684,5.0,3984.0,3989.0,-0.03817398073678857,通信網路業,2455 全新,123.0,119.0,304.396393572119,-0.004048582995951233,0.02145922746781115,250261458.0,331352644.0,2034646.0,2784476.0,0,0,-0.05419522357723572,0.002634247967479686,0.002634247967479686,-0.05668016194331982,1.0
253,2462 良得電,2023-06-26,2023-07-03,2023-06-21,2023-06-30,0.010526315789473684,5.0,3984.0,3989.0,-0.03503565153733512,電子零組件業,2462 良得電,34.15,33.1,101.61317030410378,0.008862629246676468,0.01068702290076362,75599972.3,70243992.5,2213762.0,2122175.0,0,0,-0.04831625183016108,0.049780380673499325,0.0,-0.08647140864714098,2.0
254,2485 兆赫,2023-06-26,2023-07-03,2023-06-21,2023-06-30,0.010526315789473684,5.0,3984.0,3989.0,0.05964665841584171,通信網路業,2485 兆赫,20.2,21.5,52.02679002161686,-0.009803921568627416,0.01654846335697413,36733013.199999996,136304625.0,1818466.0,6339750.0,0,0,-0.01732673267326723,0.06435643564356441,0.0,-0.01732673267326723,4.0
255,2489 瑞軒,2023-06-26,2023-07-03,2023-06-21,2023-06-30,0.010526315789473684,5.0,3984.0,3989.0,-0.00920233054265196,光電業,2489 瑞軒,14.8,14.75,63.712821179326106,-0.006711409395973145,0.003401360544217802,63095123.2,47981160.0,4263184.0,3252960.0,0,0,-0.00817212837837844,0.01206925675675663,0.0,-0.019999999999999907,2.0
256,2607 榮運,2023-06-26,2023-07-03,2023-06-21,2023-06-30,0.010526315789473684,5.0,3984.0,3989.0,0.0211908101045295,航運業,2607 榮運,28.7,29.35,43.33862262705167,-0.010344827586206806,0.01909722222222232,49892510.5,144109233.75,1738415.0,4910025.0,0,0,-0.013602743902439207,0.0211908101045295,0.0,-0.013602743902439207,2.0
257,2845 遠東銀,2023-06-26,2023-07-03,2023-06-21,2023-06-30,0.010526315789473684,5.0,3984.0,3989.0,-0.010003344189330465,金融保險業,2845 遠東銀,11.95,11.9,24.32447894002662,0.012711864406779627,0.0,196104339.75,87093636.7,16410405.0,7318793.0,0,0,-0.005603138075313763,0.0,0.0,-0.005603138075313763,0.0
258,2884 玉山金,2023-06-26,2023-07-03,2023-06-21,2023-06-30,0.010526315789473684,5.0,3984.0,3989.0,-0.011503028183112107,金融保險業,2884 玉山金,26.35,26.2,101.92690456635763,-0.0018939393939393367,0.0057581573896352545,453399100.95000005,307977148.59999996,17206797.0,11754853.0,0,0,-0.016583633776091178,0.0,0.0,-0.016583633776091178,0.0
259,2886 兆豐金,2023-06-26,2023-07-03,2023-06-21,2023-06-30,0.010526315789473684,5.0,3984.0,3989.0,0.008640702130794375,金融保險業,2886 兆豐金,37.75,38.3,94.6025037281892,0.0,0.002617801047120283,1479691959.5,524539143.7,39197138.0,13695539.0,0,0,-0.006715463576159042,0.019736854304635454,0.0,-0.009079118028534228,4.0
260,2891 中信金,2023-06-26,2023-07-03,2023-06-21,2023-06-30,0.010526315789473684,5.0,3984.0,3989.0,0.00013319724198379568,金融保險業,2891 中信金,24.95,25.1,82.2556541788449,-0.005976095617529875,0.010060362173038184,725756303.55,434279647.8,29088429.0,17301978.0,0,0,-0.00942960921843694,0.004578456913827411,0.0,-0.00942960921843694,2.0
261,2906 高林,2023-06-26,2023-07-03,2023-06-21,2023-06-30,0.010526315789473684,5.0,3984.0,3989.0,0.05363574271367533,貿易百貨,2906 高林,17.55,18.6,43.57702886808974,0.0028571428571428914,-0.005347593582887722,7642287.9,28324321.8,435458.0,1522813.0,0,0,-0.0014250000000000096,0.11237272079772098,0.0,-0.04859335038363177,5.0
262,3003 健和興,2023-06-26,2023-07-03,2023-06-21,2023-06-30,0.010526315789473684,5.0,3984.0,3989.0,-0.0022718753128742053,電子零組件業,3003 健和興,83.5,83.8,191.32257373507156,-0.04789053591790193,0.01207729468599017,344729833.5,109302016.0,4128501.0,1304320.0,0,0,-0.03730194610778437,0.0021626946107784484,0.0,-0.03730194610778437,1.0
263,3015 全漢,2023-06-26,2023-07-03,2023-06-21,2023-06-30,0.010526315789473684,5.0,3984.0,3989.0,0.00789139175257736,電子零組件業,3015 全漢,48.5,49.1,198.49027895521004,-0.004106776180698213,0.022916666666666696,80904741.5,29744730.900000002,1668139.0,605799.0,0,0,-0.021649484536082397,0.012371134020618513,0.0,-0.021649484536082397,1.0
264,3035 智原,2023-06-26,2023-07-03,2023-06-21,2023-06-30,0.010526315789473684,5.0,3984.0,3989.0,0.1287128712871286,半導體業,3035 智原,202.0,228.0,368.9264235041914,0.015075376884422065,0.08056872037914675,4233862834.0,6175742064.0,20959717.0,27086588.0,0,0,-0.01980198019801971,0.1287128712871286,0.0,-0.01980198019801971,3.0
265,3036 文曄,2023-06-26,2023-07-03,2023-06-21,2023-06-30,0.010526315789473684,5.0,3984.0,3989.0,-0.004379546649484478,電子通路業,3036 文曄,67.9,68.0,294.2019985515803,-0.0014705882352941124,0.0,57192373.7,70576180.0,842303.0,1037885.0,0,0,-0.008778276877761226,4.565537555234478e-05,4.565537555234478e-05,-0.008823529411764564,3.0
266,3050 鈺德,2023-06-26,2023-07-03,2023-06-21,2023-06-30,0.010526315789473684,5.0,3984.0,3989.0,-0.020952452819149037,光電業,3050 鈺德,16.45,16.2,27.338888627191597,-0.003030303030303161,-0.003076923076923088,9568586.65,22402558.8,581677.0,1382874.0,0,0,-0.025706458966565204,0.0,0.0,-0.025706458966565204,0.0
267,3092 鴻碩,2023-06-26,2023-07-03,2023-06-21,2023-06-30,0.010526315789473684,5.0,3984.0,3989.0,0.017098374216346413,電子零組件業,3092 鴻碩,39.0,39.9,89.47271021290963,-0.027431421446383997,0.033678756476683835,67826967.0,84335752.2,1739153.0,2113678.0,0,0,-0.039831730769230855,0.021619038461538675,0.0,-0.039831730769230855,1.0
268,3289 宜特,2023-06-26,2023-07-03,2023-06-21,2023-06-30,0.010526315789473684,5.0,3984.0,3989.0,0.11351351351351413,其他電子業,3289 宜特,92.5,103.0,137.88725644636872,-0.013859275053304976,0.05967078189300423,342616115.0,1029603759.0,3703958.0,9996153.0,0,0,-0.001081081081080848,0.11351351351351413,0.0,-0.001081081081080848,4.0
269,3515 華擎,2023-06-26,2023-07-03,2023-06-21,2023-06-30,0.010526315789473684,5.0,3984.0,3989.0,0.014820062554850022,電腦及週邊設備業,3515 華擎,216.5,221.0,756.51286467116,-0.05869565217391293,-0.006741573033707815,1403288699.5,1336508329.0,6481703.0,6047549.0,0,0,-0.04063002309468822,0.026249133949191705,0.0,-0.04063002309468822,3.0
270,3675 德微,2023-06-26,2023-07-03,2023-06-21,2023-06-30,0.010526315789473684,5.0,3984.0,3989.0,0.09526506677796309,半導體業,3675 德微,299.5,328.5,391.70288991200783,-0.01803278688524579,0.07352941176470584,195698092.0,1017683473.5,653416.0,3097971.0,0,0,-0.029765191986644512,0.09526506677796309,0.0,-0.029765191986644512,3.0
271,3680 家登,2023-06-26,2023-07-03,2023-06-21,2023-06-30,0.010526315789473684,5.0,3984.0,3989.0,0.012891877933598472,半導體業,3680 家登,424.5,432.5,646.8319266129737,-0.005854800936768045,0.009334889148191472,1398891357.0,825149450.0,3295386.0,1907860.0,0,0,-0.020243845700824492,0.017393845700824695,0.0,-0.020243845700824492,2.0
272,3702 大聯大,2023-06-26,2023-07-03,2023-06-21,2023-06-30,0.010526315789473684,5.0,3984.0,3989.0,-0.0026115664845174358,電子通路業,3702 大聯大,54.9,55.0,183.67735813624506,0.0018248175182482562,0.005484460694698212,158845024.79999998,189681580.0,2893352.0,3448756.0,0,0,-0.0036429872495445936,0.0018214936247722413,0.0,-0.0036429872495445936,1.0
273,3711 日月光投控,2023-06-26,2023-07-03,2023-06-21,2023-06-30,0.010526315789473684,5.0,3984.0,3989.0,-0.054748593403542545,半導體業,3711 日月光投控,126.0,111.0,155.44653152406084,-0.0039525691699604515,0.004524886877828038,2686663224.0,2245289019.0,21322724.0,20227829.0,0,0,-0.05482407917278509,0.0,0.0,-0.05482407917278509,0.0
274,3715 定穎投控,2023-06-26,2023-07-03,2023-06-21,2023-06-30,0.010526315789473684,5.0,3984.0,3989.0,-0.04084847560975624,電子零組件業,3715 定穎投控,28.7,27.65,28.7,-0.05592105263157887,0.02218114602587784,303564291.09999996,128596721.39999999,10577153.0,4650876.0,0,0,-0.059233449477351874,0.0,0.0,-0.059233449477351874,0.0
275,4566 時碩工業,2023-06-26,2023-07-03,2023-06-21,2023-06-30,0.010526315789473684,5.0,3984.0,3989.0,-0.04865425299043047,電機機械,4566 時碩工業,62.7,60.0,78.17681623302245,0.052013422818792066,0.020408163265306145,379772708.7,273878880.0,6056981.0,4564648.0,0,0,-0.06353732057416261,0.0,0.0,-0.06353732057416261,0.0
276,4744 皇將,2023-06-26,2023-07-03,2023-06-21,2023-06-30,0.010526315789473684,5.0,3984.0,3989.0,0.06004561021170596,生技醫療業,4744 皇將,40.15,42.75,49.92813679101081,-0.029020556227327687,0.032608695652173836,48352645.0,143759828.25,1204300.0,3362803.0,0,0,0.0,0.06475716064757142,0.0,-0.017793594306049876,5.0
277,5356 協益,2023-06-26,2023-07-03,2023-06-21,2023-06-30,0.010526315789473684,5.0,3984.0,3989.0,0.054260526716707336,電腦及週邊設備業,5356 協益,30.6,32.45,79.14592274646515,0.003278688524590123,0.023659305993690927,7988558.4,39539643.550000004,261064.0,1218479.0,0,0,-0.004688316993464059,0.05894636437908485,0.0,-0.004688316993464059,4.0
278,5469 瀚宇博,2023-06-26,2023-07-03,2023-06-21,2023-06-30,0.010526315789473684,5.0,3984.0,3989.0,0.04175588865096369,電子零組件業,5469 瀚宇博,46.7,48.65,148.701155366799,0.02412280701754388,0.01248699271592102,261729075.9,209589016.35,5604477.0,4308099.0,0,0,0.0,0.04175588865096369,0.0,-0.006204756980351611,4.0
279,6112 邁達特,2023-06-26,2023-07-03,2023-06-21,2023-06-30,0.010526315789473684,5.0,3984.0,3989.0,0.17384111356932164,資訊服務業,6112 邁達特,67.8,79.7,994.1517075949226,-0.05571030640668517,0.09931034482758627,326508595.8,969871770.7,4815761.0,12169031.0,0,0,-0.005843473451327408,0.17384111356932164,0.0,-0.005843473451327408,3.0
280,6121 新普,2023-06-26,2023-07-03,2023-06-21,2023-06-30,0.010526315789473684,5.0,3984.0,3989.0,0.013843730886849981,電腦及週邊設備業,6121 新普,327.0,332.0,717.8956748384547,-0.012084592145015005,0.010654490106544845,146594754.0,226951216.0,448302.0,683588.0,0,0,-0.0014250000000000096,0.013843730886849981,0.0,-0.009049773755656076,5.0
281,6161 捷波,2023-06-26,2023-07-03,2023-06-21,2023-06-30,0.010526315789473684,5.0,3984.0,3989.0,0.10606395259325896,電腦及週邊設備業,6161 捷波,38.2,42.5,80.63057354350079,-0.012919896640826822,0.07594936708860756,18469967.400000002,157709212.5,483507.0,3710805.0,0,0,-0.023644600785340475,0.1109800392670155,0.0,-0.023644600785340475,2.0
282,6191 精成科,2023-06-26,2023-07-03,2023-06-21,2023-06-30,0.010526315789473684,5.0,3984.0,3989.0,0.06435198187995494,電子零組件業,6191 精成科,44.15,47.2,100.68835150525624,0.0219907407407407,0.028322440087146017,229507196.65,252944139.20000002,5198351.0,5358986.0,0,0,0.0,0.069082672706682,0.0,-0.019230769230769162,5.0
283,6223 旺矽,2023-06-26,2023-07-03,2023-06-21,2023-06-30,0.010526315789473684,5.0,3984.0,3989.0,0.07195984258695631,半導體業,6223 旺矽,172.5,186.0,344.1444257495061,-0.017094017094017144,0.07204610951008639,356129355.0,1502751660.0,2064518.0,8079310.0,0,0,-0.030369202898550718,0.07672434782608684,0.0,-0.030369202898550718,2.0
284,6288 聯嘉,2023-06-26,2023-07-03,2023-06-21,2023-06-30,0.010526315789473684,5.0,3984.0,3989.0,-0.023517584252777946,汽車工業,6288 聯嘉,33.75,33.15,38.38302176412029,-0.027377521613833,-0.013392857142857206,130827791.25,180154304.85,3876379.0,5434519.0,0,0,-0.02361555555555539,0.0,0.0,-0.02361555555555539,0.0
285,6416 瑞祺電,2023-06-26,2023-07-03,2023-06-21,2023-06-30,0.010526315789473684,5.0,3984.0,3989.0,0.00015724911971815025,通信網路業,6416 瑞祺電,99.4,100.0,115.16082930934675,-0.04880382775119607,0.024590163934426146,75248185.60000001,29053400.0,757024.0,290534.0,0,0,-0.028549270623742462,0.004602615694164758,0.0,-0.028549270623742462,1.0
286,6548 長華科,2023-06-26,2023-07-03,2023-06-21,2023-06-30,0.010526315789473684,5.0,3984.0,3989.0,0.06430358753041343,半導體業,6548 長華科,41.1,44.0,1282.464242020733,-0.017921146953404854,0.014994232987312506,28813483.8,119203656.0,701058.0,2709174.0,0,0,-0.0014250000000000096,0.06903406326034034,0.0,-0.005847953216374324,5.0
287,6670 復盛應用,2023-06-26,2023-07-03,2023-06-21,2023-06-30,0.010526315789473684,5.0,3984.0,3989.0,0.008998483146067215,運動休閒,6670 復盛應用,222.5,225.5,271.5945031252482,-0.04094827586206884,0.020361990950226172,122515620.0,95291113.5,550632.0,422577.0,0,0,-0.022471910112359716,0.01348314606741563,0.0,-0.022471910112359716,1.0
288,8024 佑華,2023-06-26,2023-07-03,2023-06-21,2023-06-30,0.010526315789473684,5.0,3984.0,3989.0,0.00933426448950403,半導體業,8024 佑華,26.2,26.6,51.311420729322535,-0.013182674199623379,0.03501945525291861,10378684.6,16676577.4,396133.0,626939.0,0,0,-0.026198807251908263,0.013820419847328402,0.0,-0.026198807251908263,1.0
289,8099 大世科,2023-06-26,2023-07-03,2023-06-21,2023-06-30,0.010526315789473684,5.0,3984.0,3989.0,0.02757332430147086,資訊服務業,8099 大世科,59.5,61.5,159.51919768078358,-0.026186579378068786,0.03187919463087252,21308437.5,55616295.0,358125.0,904330.0,0,0,-0.009816386554621914,0.03214054621848761,0.0,-0.02454991816693941,4.0
290,8110 華東,2023-06-26,2023-07-03,2023-06-21,2023-06-30,0.010526315789473684,5.0,3984.0,3989.0,0.024019999999999708,半導體業,8110 華東,14.0,14.4,20.811660941399182,-0.014084507042253613,0.0034843205574912606,14955164.0,63525096.0,1068226.0,4411465.0,0,0,-0.02499999999999991,0.028571428571428248,0.0,-0.02499999999999991,3.0
291,8171 天宇,2023-06-26,2023-07-03,2023-06-21,2023-06-30,0.010526315789473684,5.0,3984.0,3989.0,-0.005843694374999653,綠能環保,8171 天宇,51.1,51.1,54.97212117855561,-0.024809160305343525,0.0019607843137257053,39925094.300000004,28872317.6,781313.0,565016.0,0,0,-0.022920743639921692,0.0,0.0,-0.022920743639921692,0.0
292,8215 明基材,2023-06-26,2023-07-03,2023-06-21,2023-06-30,0.010526315789473684,5.0,3984.0,3989.0,-0.0008416500699685026,光電業,8215 明基材,39.75,39.95,57.26525108641522,0.0012594458438286438,0.016539440203562572,87532242.75,119076488.10000001,2202069.0,2980638.0,0,0,-0.017753899371069193,0.0035992767295598416,0.0,-0.017753899371069193,1.0
293,8936 國統,2023-06-26,2023-07-03,2023-06-21,2023-06-30,0.010526315789473684,5.0,3984.0,3989.0,0.023975953895071456,其他,8936 國統,31.45,32.25,72.53194519333609,0.02610114192495927,-0.02124430955993939,310305922.34999996,343394517.0,9866643.0,10647892.0,0,0,-0.014125476947535742,0.04620178855325907,0.0,-0.02124430955993928,4.0
294,8942 森鉅,2023-06-26,2023-07-03,2023-06-21,2023-06-30,0.010526315789473684,5.0,3984.0,3989.0,0.056008215383156035,其他,8942 森鉅,74.0,70.0,173.66204243104355,-0.012016021361815787,0.007194244604316502,78303544.0,22995210.0,1058156.0,328503.0,0,0,-0.0014250000000000096,0.06070182094081922,0.0,-0.017167381974249052,5.0
295,9914 美利達,2023-06-26,2023-07-03,2023-06-21,2023-06-30,0.010526315789473684,5.0,3984.0,3989.0,0.021530747126436545,運動休閒,9914 美利達,217.5,222.5,521.8245810503197,0.06879606879606892,0.0022522522522521182,491781420.0,122779282.5,2261064.0,551817.0,0,0,-0.024380747126436897,0.021530747126436545,0.0,-0.024380747126436897,4.0
296,9921 巨大,2023-06-26,2023-07-03,2023-06-21,2023-06-30,0.010526315789473684,5.0,3984.0,3989.0,0.01154350649350655,運動休閒,9921 巨大,231.0,234.0,504.2758955440666,0.04054054054054057,0.017391304347825987,652353933.0,169743366.0,2824043.0,725399.0,0,0,-0.0057478354978354185,0.01154350649350655,0.0,-0.012875536480686733,2.0
297,6112 邁達特,2023-07-03,2023-07-06,2023-06-30,2023-07-05,0.011363636363636364,3.0,3989.0,3992.0,-0.11809792973651212,資訊服務業,6112 邁達特,79.7,70.6,1168.641461582822,0.09931034482758627,0.008571428571428674,969871770.7,338323177.79999995,12169031.0,4792113.0,0,0,-0.12170639899623614,0.0,0.0,-0.12170639899623614,0.0
298,2743 山富,2023-07-03,2023-07-07,2023-06-30,2023-07-06,0.011363636363636364,4.0,3989.0,3993.0,-0.10416684548076927,觀光餐旅,2743 山富,182.0,164.0,192.11111111111111,0.03409090909090917,0.054662379421221985,173370652.0,1398712704.0,952586.0,8528736.0,2,1,-0.14682190934065942,0.0,0.0,-0.14682190934065942,0.0
299,3675 德微,2023-07-03,2023-07-07,2023-06-30,2023-07-06,0.011363636363636364,4.0,3989.0,3993.0,-0.10443710045662091,半導體業,3675 德微,328.5,295.5,429.63071564639256,0.07352941176470584,0.011986301369863117,1017683473.5,329722446.0,3097971.0,1115812.0,0,0,-0.11111111111111105,0.0,0.0,-0.11111111111111105,0.0
300,3046 建碁,2023-07-03,2023-07-10,2023-06-30,2023-07-07,0.011363636363636364,5.0,3989.0,3994.0,-0.21589107792243578,電腦及週邊設備業,3046 建碁,97.5,76.9,23.50860859854976,0.01987447698744771,-0.0667475728155339,641353245.0,481481435.3,6577982.0,6261137.0,0,0,-0.21240597435897424,0.0,0.0,-0.21240597435897424,0.0
301,0056 元大高股息,2023-07-03,2023-07-10,2023-06-30,2023-07-07,0.011363636363636364,5.0,3989.0,3994.0,-0.006222066787003655,domestic_etf,0056 元大高股息,33.24,33.18,71.54152644700025,0.017447199265381075,0.0030229746070133956,1391955481.0800002,1268265352.2,41875917.0,38223790.0,0,0,-0.004813477737665606,0.020156438026473822,0.020156438026473822,-0.024476555588321847,3.0
302,00646 元大S&P500,2023-07-03,2023-07-10,2023-06-30,2023-07-07,0.011363636363636364,5.0,3989.0,3994.0,-0.00768057424593982,foreign_etf,00646 元大S&P500,43.1,42.83,43.1,0.014595103578154633,-0.002561714019562178,66544762.2,24121727.509999998,1543962.0,563197.0,0,0,-0.00768057424593982,0.0,0.0,-0.00768057424593982,0.0
303,00662 富邦NASDAQ,2023-07-03,2023-07-10,2023-06-30,2023-07-07,0.011363636363636364,5.0,3989.0,3994.0,-0.012362752116803266,foreign_etf,00662 富邦NASDAQ,61.0,60.6,61.0,0.016666666666666607,-0.003289473684210509,46829822.0,32959552.2,767702.0,543887.0,0,0,-0.007973032786885215,0.0,0.0,-0.007973032786885215,0.0
304,00712 復華富時不動產,2023-07-03,2023-07-10,2023-06-30,2023-07-07,0.011363636363636364,5.0,3989.0,3994.0,-0.023974204507978714,其他證券,00712 復華富時不動產,9.87,9.69,15.337005809224959,0.0030487804878047697,0.01148225469728592,210373295.79,114617699.88,21314417.0,11828452.0,0,0,-0.030765096251266333,0.0,0.0,-0.030765096251266333,0.0
305,00830 國泰費城半導體,2023-07-03,2023-07-10,2023-06-30,2023-07-07,0.011363636363636364,5.0,3989.0,3994.0,-0.02569029031287584,foreign_etf,00830 國泰費城半導體,33.24,32.53,36.78653424578758,0.0146520146520146,-0.0018410555385088845,120286917.60000001,55508508.870000005,3618740.0,1706379.0,0,0,-0.02135980746089028,0.004813477737665606,0.004813477737665606,-0.026047904191616733,2.0
306,00878 國泰永續高股息,2023-07-03,2023-07-10,2023-06-30,2023-07-07,0.011363636363636364,5.0,3989.0,3994.0,-0.015135591700819573,domestic_etf,00878 國泰永續高股息,19.52,19.31,22.80321043588069,0.014025974025974053,0.0,1379177928.6399999,924299971.5899999,70654607.0,47866389.0,0,0,-0.010758196721311397,0.012295081967213184,0.012295081967213184,-0.022773279352226727,2.0
307,00893 國泰智能電動車,2023-07-03,2023-07-10,2023-06-30,2023-07-07,0.011363636363636364,5.0,3989.0,3994.0,0.005099150141642861,foreign_etf,00893 國泰智能電動車,17.65,17.74,17.65,0.026759744037230693,0.008527572484366086,382130954.34999996,246041630.35999998,21650479.0,13869314.0,0,0,-0.0033994334277622773,0.013597733711048221,0.013597733711048221,-0.016769144773616795,4.0
308,00903 富邦元宇宙,2023-07-03,2023-07-10,2023-06-30,2023-07-07,0.011363636363636364,5.0,3989.0,3994.0,-0.011589403973510048,foreign_etf,00903 富邦元宇宙,12.08,11.94,12.08,0.014273719563392184,0.0025188916876572875,29537617.36,11770726.62,2445167.0,985823.0,0,0,-0.014072847682119138,0.0033112582781456013,0.0033112582781456013,-0.01732673267326712,2.0
309,00905 FT臺灣Smart,2023-07-03,2023-07-10,2023-06-30,2023-07-07,0.011363636363636364,5.0,3989.0,3994.0,-0.02229174975074777,domestic_etf,00905 FT臺灣Smart,10.03,9.85,10.33325867861142,0.01415571284125372,-0.001014198782961384,40832460.989999995,13004423.1,4071033.0,1320246.0,0,0,-0.017946161515453585,0.007976071784645988,0.007976071784645988,-0.02571711177052416,2.0
310,00917 中信特選金融,2023-07-03,2023-07-10,2023-06-30,2023-07-07,0.011363636363636364,5.0,3989.0,3994.0,-0.015330138530927906,foreign_etf,00917 中信特選金融,15.52,15.35,15.52,0.007138221933809197,0.001304631441617632,17142631.52,18747108.5,1104551.0,1221310.0,0,0,-0.01224226804123707,0.005798969072164928,0.005798969072164928,-0.017937219730941645,2.0
311,020022 元大電動車N,2023-07-03,2023-07-10,2023-06-30,2023-07-07,0.011363636363636364,5.0,3989.0,3994.0,-0.013136281249999993,其他證券,020022 元大電動車N,8.0,7.93,8.0,0.03896103896103886,-0.002515723270440362,12664000.0,4615260.0,1583000.0,582000.0,0,0,-0.008750000000000036,0.02124999999999999,0.02124999999999999,-0.02937576499388006,3.0
312,1210 大成,2023-07-03,2023-07-10,2023-06-30,2023-07-07,0.011363636363636364,5.0,3989.0,3994.0,-0.020765365003517666,食品工業,1210 大成,53.3,52.5,222.31345250230748,0.0,0.013513513513513598,99615568.0,160862730.0,1868960.0,3064052.0,0,0,-0.029527485928705355,0.0,0.0,-0.029527485928705355,0.0
313,1229 聯華,2023-07-03,2023-07-10,2023-06-30,2023-07-07,0.011363636363636364,5.0,3989.0,3994.0,-0.015897101449275475,食品工業,1229 聯華,69.0,68.0,300.8495582875221,0.017699115044247815,0.0,151108965.0,55007444.0,2189985.0,808933.0,0,0,-0.015897101449275475,2.22101449274259e-05,2.22101449274259e-05,-0.01591895803183796,1.0
314,1307 三芳,2023-07-03,2023-07-10,2023-06-30,2023-07-07,0.011363636363636364,5.0,3989.0,3994.0,-0.06985375831866192,塑膠工業,1307 三芳,24.85,23.25,83.52637292886793,-0.013888888888888729,0.0,25511581.55,9895595.25,1026623.0,425617.0,0,0,-0.06571956740442653,0.0,0.0,-0.06571956740442653,0.0
315,1312 國喬,2023-07-03,2023-07-10,2023-06-30,2023-07-07,0.011363636363636364,5.0,3989.0,3994.0,-0.056826069022436365,塑膠工業,1312 國喬,19.5,18.5,31.575099202797393,0.0025706940874037354,-0.008042895442359255,24717381.0,25188564.0,1267558.0,1361544.0,0,0,-0.05263397435897477,0.0,0.0,-0.05263397435897477,0.0
316,1337 KY亞塑,2023-07-03,2023-07-10,2023-06-30,2023-07-07,0.011363636363636364,5.0,3989.0,3994.0,0.005965937765253448,塑膠工業,1337 KY亞塑,9.26,9.37,18.43677028235173,0.007616974972796564,0.04342984409799522,21388127.58,36094982.82,2309733.0,3852186.0,0,0,-0.0316194924406048,0.010437122030237278,0.0,-0.0316194924406048,1.0
317,1340 F-勝悅,2023-07-03,2023-07-10,2023-06-30,2023-07-07,0.011363636363636364,5.0,3989.0,3994.0,-0.034248160250000104,塑膠工業,1340 F-勝悅,14.0,13.6,29.874891663468716,0.0,0.011152416356877248,3174584.0,3803240.0,226756.0,279650.0,0,0,-0.051353749999999865,0.0,0.0,-0.051353749999999865,0.0
318,1460 宏遠,2023-07-03,2023-07-10,2023-06-30,2023-07-07,0.011363636363636364,5.0,3989.0,3994.0,-0.052984931206532915,紡織纖維,1460 宏遠,9.49,9.04,9.884924635650092,0.03152173913043477,0.005561735261401468,76063507.78,9965533.28,8015122.0,1102382.0,0,0,-0.05403695995785007,0.0,0.0,-0.05403695995785007,0.0
319,1514 亞力,2023-07-03,2023-07-10,2023-06-30,2023-07-07,0.011363636363636364,5.0,3989.0,3994.0,-0.01842795140822817,電機機械,1514 亞力,63.2,62.4,130.15202890414542,0.012820512820512997,0.028006589785831926,1255381858.4,782850494.4,19863637.0,12545681.0,0,0,-0.04092559335443058,0.0,0.0,-0.04092559335443058,0.0
320,1603 華電,2023-07-03,2023-07-10,2023-06-30,2023-07-07,0.011363636363636364,5.0,3989.0,3994.0,-0.01889036505249353,電器電纜,1603 華電,38.1,37.6,36.9226782027414,0.09956709956709986,0.020352781546811416,347231665.2,91052498.4,9113692.0,2421609.0,0,0,-0.03418664698162743,0.0,0.0,-0.03418664698162743,0.0
321,1612 宏泰,2023-07-03,2023-07-10,2023-06-30,2023-07-07,0.011363636363636364,5.0,3989.0,3994.0,0.004610414497965509,電器電纜,1612 宏泰,26.9,25.65,63.166885195635366,0.009380863039399667,0.021912350597609542,67195231.6,101925533.25,2497964.0,3973705.0,0,0,-0.012561524163568594,0.009075573912528556,0.00043108736059482844,-0.01298701298701288,2.0
322,2010 春源,2023-07-03,2023-07-10,2023-06-30,2023-07-07,0.011363636363636364,5.0,3989.0,3994.0,-0.019819802631578898,鋼鐵工業,2010 春源,19.0,18.65,50.98725306631767,0.04395604395604402,-0.02356020942408399,55485491.0,27974999.999999996,2920289.0,1500000.0,0,0,-0.0382146052631579,0.003830657894737133,0.0,-0.0382146052631579,1.0
323,2023 燁輝,2023-07-03,2023-07-10,2023-06-30,2023-07-07,0.011363636363636364,5.0,3989.0,3994.0,-0.040450401216376664,鋼鐵工業,2023 燁輝,15.8,15.25,35.3214399773927,0.006369426751592355,-0.022435897435897467,28980913.0,37558782.75,1834235.0,2462871.0,0,0,-0.03618552215189885,0.0017350474683544004,0.0017350474683544004,-0.03785488958990546,1.0
324,2106 建大,2023-07-03,2023-07-10,2023-06-30,2023-07-07,0.011363636363636364,5.0,3989.0,3994.0,-0.028999508947011088,橡膠工業,2106 建大,32.2,31.45,108.16791412173075,0.0031152647975078995,0.006399999999999961,17212574.400000002,15296053.45,534552.0,486361.0,0,0,-0.030886063664596453,0.0,0.0,-0.030886063664596453,0.0
325,2208 台船,2023-07-03,2023-07-10,2023-06-30,2023-07-07,0.011363636363636364,5.0,3989.0,3994.0,-0.04369734128256497,航運業,2208 台船,24.95,24.0,15.97997090379122,0.008080808080808133,-0.006211180124223392,117629893.75,47105760.0,4714625.0,1962740.0,0,0,-0.03944689378757493,0.0,0.0,-0.03944689378757493,0.0
326,2228 劍麟,2023-07-03,2023-07-10,2023-06-30,2023-07-07,0.011363636363636364,5.0,3989.0,3994.0,-0.026910578752522563,汽車工業,2228 劍麟,99.1,97.0,135.81915926448073,0.0010101010101009056,-0.010204081632653184,99811042.5,42303252.0,1007175.0,436116.0,0,0,-0.022585519677093657,0.012682013118062718,0.012682013118062718,-0.03482587064676612,1.0
327,2331 精英,2023-07-03,2023-07-10,2023-06-30,2023-07-07,0.011363636363636364,5.0,3989.0,3994.0,-0.07865932812032883,電腦及週邊設備業,2331 精英,33.45,31.0,77.74988020796837,0.055205047318611866,-0.0016103059581319412,815607637.0500001,111522407.0,24382889.0,3597497.0,0,0,-0.07456427503736918,0.0,0.0,-0.07456427503736918,0.0
328,2342 茂矽,2023-07-03,2023-07-10,2023-06-30,2023-07-07,0.011363636363636364,5.0,3989.0,3994.0,0.010230972258239879,半導體業,2342 茂矽,40.2,40.85,2.927579919366992,0.0012453300124535271,0.023809523809523947,26342055.0,127191254.45,655275.0,3113617.0,0,0,-0.008877052238806193,0.014721113184079426,0.01223709577114418,-0.020858895705521574,4.0
329,2349 錸德,2023-07-03,2023-07-10,2023-06-30,2023-07-07,0.011363636363636364,5.0,3989.0,3994.0,-0.06129866071310841,光電業,2349 錸德,9.86,9.31,2.740676837409111,-0.002024291497975783,-0.00640341515474907,18586001.4,11386465.16,1884990.0,1223036.0,0,0,-0.0571264452332656,0.0,0.0,-0.0571264452332656,0.0
330,2351 順德,2023-07-03,2023-07-10,2023-06-30,2023-07-07,0.011363636363636364,5.0,3989.0,3994.0,-0.028352893747641605,半導體業,2351 順德,132.5,129.5,262.2911954727044,0.019230769230769384,0.0,336613070.0,102311604.5,2540476.0,790051.0,0,0,-0.024034245283019007,0.036257075471697986,0.036257075471697986,-0.05818181818181822,2.0
331,2371 大同,2023-07-03,2023-07-10,2023-06-30,2023-07-07,0.011363636363636364,5.0,3989.0,3994.0,-0.06731979101258845,電機機械,2371 大同,56.6,53.1,23.878125,0.0423572744014733,-0.027472527472527486,2566919294.6,2003280229.8,45351931.0,37726558.0,0,0,-0.06317433745583045,0.0,0.0,-0.06317433745583045,0.0
332,2382 廣達,2023-07-03,2023-07-10,2023-06-30,2023-07-07,0.011363636363636364,5.0,3989.0,3994.0,0.006544546193535616,電腦及週邊設備業,2382 廣達,160.5,162.5,527.960884215861,0.05592105263157898,0.012461059190030932,11394875494.5,5819307325.0,70996109.0,35811122.0,0,0,-0.0014250000000001206,0.06079151090342649,0.06079151090342649,-0.058651026392961714,4.0
333,2385 群光,2023-07-03,2023-07-10,2023-06-30,2023-07-07,0.011363636363636364,5.0,3989.0,3994.0,-0.004845545473770252,電子零組件業,2385 群光,99.6,99.7,474.92500651737913,0.01632653061224487,-0.007960199004975133,179485674.0,182267950.8,1802065.0,1828164.0,0,0,-0.0014250000000000096,0.01261119477911632,0.0,-0.012871287128712883,4.0
334,2390 云辰,2023-07-03,2023-07-10,2023-06-30,2023-07-07,0.011363636363636364,5.0,3989.0,3994.0,-0.005843694374999986,其他電子業,2390 云辰,13.05,13.05,14.744072406370293,-0.0076045627376424285,0.031620553359683834,8152804.800000001,8324347.050000001,624736.0,637881.0,0,0,-0.03203266283524908,0.0024009578544059718,0.0024009578544059718,-0.03435114503816783,1.0
335,2393 億光,2023-07-03,2023-07-10,2023-06-30,2023-07-07,0.011363636363636364,5.0,3989.0,3994.0,0.01579181034482735,光電業,2393 億光,52.2,53.1,144.98968850042013,0.009671179883945946,-0.00187969924812037,103159414.80000001,113883623.10000001,1976234.0,2144701.0,0,0,-0.005250957854406324,0.04066053639846734,0.0,-0.02389705882352955,4.0
336,2399 映泰,2023-07-03,2023-07-10,2023-06-30,2023-07-07,0.011363636363636364,5.0,3989.0,3994.0,-0.025336955269607997,電腦及週邊設備業,2399 映泰,25.5,25.0,56.18543168550911,0.09913793103448287,0.004016064257028162,204484704.0,135050325.0,8019008.0,5402013.0,0,0,-0.02492088235294132,0.039692794117647034,0.039692794117647034,-0.062146892655367325,1.0
337,2402 毅嘉,2023-07-03,2023-07-10,2023-06-30,2023-07-07,0.011363636363636364,5.0,3989.0,3994.0,0.04022333921898347,電子零組件業,2402 毅嘉,33.45,35.0,69.02361273616678,0.022935779816513735,-0.0014265335235378318,1024182135.0000001,315383845.0,30618300.0,9010967.0,0,0,-0.0014250000000000096,0.11798606128550082,0.0,-0.06542056074766367,5.0
338,2413 環科,2023-07-03,2023-07-10,2023-06-30,2023-07-07,0.011363636363636364,5.0,3989.0,3994.0,0.01016760776537362,電子零組件業,2413 環科,34.15,34.7,41.02741224142168,0.041158536585365946,0.014619883040935644,183315560.79999998,55972939.1,5367952.0,1613053.0,0,0,-0.0014250000000000096,0.03805014641288462,0.0,-0.038028169014084456,4.0
339,2421 建準,2023-07-03,2023-07-10,2023-06-30,2023-07-07,0.011363636363636364,5.0,3989.0,3994.0,-0.10101884780450254,電子零組件業,2421 建準,102.0,90.1,273.8722699425687,0.09677419354838701,-0.02909482758620696,2935330398.0,1047546568.8,28777749.0,11626488.0,0,0,-0.09702317535545035,0.05731470588235288,0.05731470588235288,-0.14597156398104272,2.0
340,2428 興勤,2023-07-03,2023-07-10,2023-06-30,2023-07-07,0.011363636363636364,5.0,3989.0,3994.0,-0.03858536911115251,電子零組件業,2428 興勤,167.0,161.5,420.29314656364346,0.0121212121212122,-0.0030864197530863224,93441009.0,33057112.0,559527.0,204688.0,0,0,-0.034312200598802245,0.0,0.0,-0.034312200598802245,0.0
341,2481 強茂,2023-07-03,2023-07-10,2023-06-30,2023-07-07,0.011363636363636364,5.0,3989.0,3994.0,0.02996885265760052,半導體業,2481 強茂,69.4,71.9,121.24253053909624,0.0014430014430015792,0.057352941176470607,117457765.00000001,952075641.6,1692475.0,13241664.0,0,0,-0.021569164265129892,0.03454672190201702,0.008647082132564599,-0.029957203994293802,4.0
342,2504 國產,2023-07-03,2023-07-10,2023-06-30,2023-07-07,0.011363636363636364,5.0,3989.0,3994.0,-0.04898971848892386,建材營造,2504 國產,27.65,26.45,47.09754580518427,0.005454545454545379,-0.009363295880149725,75196193.45,46903732.1,2719573.0,1773298.0,0,0,-0.044762793851717664,0.0,0.0,-0.044762793851717664,0.0
343,2607 榮運,2023-07-03,2023-07-10,2023-06-30,2023-07-07,0.011363636363636364,5.0,3989.0,3994.0,-0.02986558773424186,航運業,2607 榮運,29.35,28.6,44.32015937644483,0.01909722222222232,-0.008665511265164683,144109233.75,44674201.0,4910025.0,1562035.0,0,0,-0.02555366269165238,0.0017035775127767216,0.0017035775127767216,-0.027210884353741305,1.0
344,2834 臺企銀,2023-07-03,2023-07-10,2023-06-30,2023-07-07,0.011363636363636364,5.0,3989.0,3994.0,-0.016271907371066652,金融保險業,2834 臺企銀,14.3,14.15,28.0763780335038,0.0035087719298245723,0.007117437722419906,141491221.3,220217341.45000002,9894491.0,15563063.0,0,0,-0.01888260489510507,0.0,0.0,-0.01888260489510507,0.0
345,2890 永豐金,2023-07-03,2023-07-10,2023-06-30,2023-07-07,0.011363636363636364,5.0,3989.0,3994.0,-0.011540865180873938,金融保險業,2890 永豐金,17.45,17.35,45.275763068516135,0.0057636887608070175,0.011661807580175099,150021227.25,241595679.05,8597205.0,13924823.0,0,0,-0.018592478510028876,0.012881232091690453,0.012881232091690453,-0.031073446327683718,2.0
346,3035 智原,2023-07-03,2023-07-10,2023-06-30,2023-07-07,0.011363636363636364,5.0,3989.0,3994.0,0.11184210526315819,半導體業,3035 智原,228.0,253.5,416.41200276710714,0.08056872037914675,0.036809815950920255,6175742064.0,6032438860.5,27086588.0,23796603.0,0,0,0.0,0.12061403508771962,0.0,-0.043052837573385516,5.0
347,3202 樺晟,2023-07-03,2023-07-10,2023-06-30,2023-07-07,0.011363636363636364,5.0,3989.0,3994.0,-0.08327797948649485,其他證券,3202 樺晟,19.9,18.35,26.44948859482356,-0.029268292682926855,0.0,77615154.1,19689238.05,3900259.0,1072983.0,0,0,-0.07920345477386925,0.0,0.0,-0.07920345477386925,0.0
348,3289 宜特,2023-07-03,2023-07-10,2023-06-30,2023-07-07,0.011363636363636364,5.0,3989.0,3994.0,0.11650485436893177,其他電子業,3289 宜特,103.0,115.0,153.53932339433493,0.05967078189300423,0.00877192982456143,1029603759.0,867879815.0,9996153.0,7546781.0,0,0,0.0,0.12621359223300943,0.0,-0.017241379310344862,5.0
349,3372 典範,2023-07-03,2023-07-10,2023-06-30,2023-07-07,0.011363636363636364,5.0,3989.0,3994.0,0.05994606114430123,半導體業,3372 典範,13.6,14.5,6.7453662728249215,-0.010909090909090868,0.010452961672473782,7060861.6,36860783.5,519181.0,2542123.0,0,0,-0.0014250000000000096,0.13808180147058802,0.0,-0.0741935483870968,5.0
350,3380 明泰,2023-07-03,2023-07-10,2023-06-30,2023-07-07,0.011363636363636364,5.0,3989.0,3994.0,-0.03558830190808415,通信網路業,3380 明泰,43.45,42.15,119.68707497255052,0.06234718826405872,-0.026558891454965372,741276161.45,432573142.2,17060441.0,10262708.0,0,0,-0.04164378596087459,0.006618757192174751,0.006618757192174751,-0.04794520547945191,1.0
351,3419 譁裕,2023-07-03,2023-07-10,2023-06-30,2023-07-07,0.011363636363636364,5.0,3989.0,3994.0,-0.025384850259520975,通信網路業,3419 譁裕,20.35,19.95,26.094209548364763,0.014962593516209433,0.0,24727040.8,10622537.1,1215088.0,532458.0,0,0,-0.02105300982800995,0.0,0.0,-0.02105300982800995,0.0
352,3540 曜越,2023-07-03,2023-07-10,2023-06-30,2023-07-07,0.011363636363636364,5.0,3989.0,3994.0,-0.007219439071566969,電腦及週邊設備業,3540 曜越,51.7,51.4,146.33877227632698,0.043390514631685306,-0.013435700575815779,140352006.3,33069166.599999998,2714739.0,643369.0,0,0,-0.007219439071566969,0.03334163442940019,0.03334163442940019,-0.03925233644859816,4.0
353,3607 谷崧,2023-07-03,2023-07-10,2023-06-30,2023-07-07,0.011363636363636364,5.0,3989.0,3994.0,0.07280791208267434,電子零組件業,3607 谷崧,15.8,17.05,30.47173389669723,0.01607717041800627,-0.01729106628242072,13109181.0,26047267.95,829695.0,1527699.0,0,0,-0.0014250000000000096,0.10917666139240523,0.0,-0.028490028490028352,5.0
354,3617 碩天,2023-07-03,2023-07-10,2023-06-30,2023-07-07,0.011363636363636364,5.0,3989.0,3994.0,-0.010321875931869617,其他電子業,3617 碩天,222.0,221.0,434.62390926677745,-0.006711409395973034,0.039999999999999813,292898364.0,273681538.0,1319362.0,1238378.0,0,0,-0.04415681306306318,0.01656734234234225,0.01656734234234225,-0.05973451327433632,2.0
355,3673 TPK-KY,2023-07-03,2023-07-10,2023-06-30,2023-07-07,0.011363636363636364,5.0,3989.0,3994.0,-0.0694170854734012,光電業,3673 TPK-KY,45.35,42.45,77.6591202079289,0.023702031602708784,-0.015081206496519672,278644413.15000004,110520188.10000001,6144309.0,2603538.0,0,0,-0.06528095369349485,0.0029788588754133816,0.0029788588754133816,-0.06805708013172318,2.0
356,3694 海華,2023-07-03,2023-07-10,2023-06-30,2023-07-07,0.011363636363636364,5.0,3989.0,3994.0,0.039053687169354756,通信網路業,3694 海華,31.0,32.4,32.33812949640288,0.06164383561643838,0.04012841091492758,235536512.0,105151867.19999999,7597952.0,3245428.0,0,0,-0.0014250000000000096,0.04367193548387083,0.0,-0.034108527131782806,5.0
357,4113 聯上,2023-07-03,2023-07-10,2023-06-30,2023-07-07,0.011363636363636364,5.0,3989.0,3994.0,-0.008716978495303396,建材營造,4113 聯上,17.3,17.25,44.543890707896274,-0.0028818443804035088,0.0029069767441860517,8858724.5,2311517.25,512065.0,134001.0,0,0,-0.010083164739884465,0.0,0.0,-0.010083164739884465,0.0
358,4162 智擎,2023-07-03,2023-07-10,2023-06-30,2023-07-07,0.011363636363636364,5.0,3989.0,3994.0,-0.04026883402413417,生技醫療業,4162 智擎,95.3,92.0,156.99247389881327,-0.022564102564102573,-0.019189765458422103,127948350.5,119484448.0,1342585.0,1298744.0,0,0,-0.03600314795382986,0.008005403987408233,0.008005403987408233,-0.043659043659043606,1.0
359,4541 晟田,2023-07-03,2023-07-10,2023-06-30,2023-07-07,0.011363636363636364,5.0,3989.0,3994.0,-0.06452653185980894,其他,4541 晟田,44.6,40.65,55.47768281059616,0.009049773755656076,-0.0012285012285012664,94587680.0,32439634.95,2120800.0,798023.0,0,0,-0.06036866319444434,0.014755613425925906,0.014755613425925906,-0.07403189066059213,1.0
360,4551 智伸科,2023-07-03,2023-07-10,2023-06-30,2023-07-07,0.011363636363636364,5.0,3989.0,3994.0,-0.08017313778621504,汽車工業,4551 智伸科,160.5,148.5,193.92840582652227,0.015822784810126667,-0.03571428571428559,138605874.0,121417461.0,863588.0,817626.0,0,0,-0.07608481308411219,0.0,0.0,-0.07608481308411219,0.0
361,4564 元翎,2023-07-03,2023-07-10,2023-06-30,2023-07-07,0.011363636363636364,5.0,3989.0,3994.0,-0.023425236757435686,電機機械,4564 元翎,31.1,30.55,37.19199646660148,0.008103727714748876,0.018333333333333535,168936692.8,52937834.300000004,5432048.0,1732826.0,0,0,-0.036744372990353824,0.0,0.0,-0.036744372990353824,0.0
362,4931 新盛力,2023-07-03,2023-07-10,2023-06-30,2023-07-07,0.011363636363636364,5.0,3989.0,3994.0,-0.05544368359273322,電腦及週邊設備業,4931 新盛力,46.1,43.8,51.25430355482169,0.0,-0.011286681715575564,49505360.9,45905553.599999994,1073869.0,1048072.0,0,0,-0.051245444685466435,0.0,0.0,-0.051245444685466435,0.0
363,4934 太極,2023-07-03,2023-07-10,2023-06-30,2023-07-07,0.011363636363636364,5.0,3989.0,3994.0,0.19298756675000006,光電業,4934 太極,32.75,39.3,22.343879306795923,0.006144393241167556,0.08115543328748265,76525353.0,1325727414.6,2336652.0,33733522.0,0,0,-0.0014250000000000096,0.19829000000000008,0.0,-0.043421052631578916,5.0
364,5234 達興,2023-07-03,2023-07-10,2023-06-30,2023-07-07,0.011363636363636364,5.0,3989.0,3994.0,0.2264009844546302,光電業,5234 達興,119.0,142.5,242.83046809200692,0.07692307692307687,0.047794117647058876,209890772.0,741871245.0,1763788.0,5206114.0,0,0,-0.0014250000000000096,0.23185192924152398,0.0,-0.0014250000000000096,5.0
365,5469 瀚宇博,2023-07-03,2023-07-10,2023-06-30,2023-07-07,0.011363636363636364,5.0,3989.0,3994.0,-0.020554984583761482,電子零組件業,5469 瀚宇博,48.65,47.65,154.91030425256466,0.01248699271592102,-0.00935550935550944,209589016.35,139426234.85,4308099.0,2926049.0,0,0,-0.020554984583761482,0.0,0.0,-0.020554984583761482,0.0
366,6016 康和證,2023-07-03,2023-07-10,2023-06-30,2023-07-07,0.011363636363636364,5.0,3989.0,3994.0,0.022845920138888642,金融業,6016 康和證,14.4,14.75,24.65253150511723,0.02491103202846978,-0.032786885245901676,117290750.4,345075497.75,8145191.0,23394949.0,0,0,-0.0014250000000000096,0.05751866319444421,0.0,-0.032786885245901676,5.0
367,6120 達運,2023-07-03,2023-07-10,2023-06-30,2023-07-07,0.011363636363636364,5.0,3989.0,3994.0,0.145905737704918,光電業,6120 達運,15.25,17.5,23.7290326345649,0.0066006600660066805,0.09717868338557989,65216930.0,375304947.5,4276520.0,21445997.0,2,2,-0.02434311475409845,0.145905737704918,0.0,-0.02434311475409845,3.0
368,6121 新普,2023-07-03,2023-07-10,2023-06-30,2023-07-07,0.011363636363636364,5.0,3989.0,3994.0,-0.015735796545557013,電腦及週邊設備業,6121 新普,332.0,314.0,728.8726729246696,0.010654490106544845,0.0015948963317384823,226951216.0,154703090.0,683588.0,492685.0,0,0,-0.012935335090361266,0.0075301204819278045,0.0075301204819278045,-0.020312499999999956,2.0
369,6233 旺玖,2023-07-03,2023-07-10,2023-06-30,2023-07-07,0.011363636363636364,5.0,3989.0,3994.0,-0.04596390237126202,半導體業,6233 旺玖,27.8,26.2,28.78253638253638,-0.0017953321364452268,-0.026022304832713727,19214470.400000002,15644229.6,691168.0,597108.0,0,0,-0.04172352898702958,0.003962994604316483,0.003962994604316483,-0.04550618283431063,3.0
370,6411 晶焱,2023-07-03,2023-07-10,2023-06-30,2023-07-07,0.011363636363636364,5.0,3989.0,3994.0,0.02481310800110137,半導體業,6411 晶焱,113.5,117.0,194.66632444723948,0.008888888888888946,0.044642857142857206,49813901.5,180301914.0,438889.0,1541042.0,0,0,-0.014622026431718171,0.02936806167400885,0.007373017621145284,-0.02183406113537123,2.0
371,6415 矽力*-KY,2023-07-03,2023-07-10,2023-06-30,2023-07-07,0.011363636363636364,5.0,3989.0,3994.0,-0.04030777963666665,半導體業,6415 矽力*-KY,375.0,362.0,1938.2687958526003,-0.025974025974025983,-0.014965986394557818,1557887625.0,567738718.0,4154367.0,1568339.0,0,0,-0.036042266666666656,0.011889333333333196,0.011889333333333196,-0.04736842105263139,2.0
372,6443 元晶,2023-07-03,2023-07-10,2023-06-30,2023-07-07,0.011363636363636364,5.0,3989.0,3994.0,-0.05707459034731899,光電業,6443 元晶,35.9,34.05,23.71810164317865,0.0056022408963583015,0.0,181463514.6,157280150.7,5054694.0,4619094.0,0,0,-0.052883600278551546,0.0,0.0,-0.052883600278551546,0.0
373,6643 M31,2023-07-03,2023-07-10,2023-06-30,2023-07-07,0.011363636363636364,5.0,3989.0,3994.0,-0.04504702695273022,半導體業,6643 M31,989.0,950.0,1087.4161642339184,0.02063983488132104,0.005291005291005346,232534669.0,99910550.0,235121.0,105169.0,2,2,-0.04585098584428737,0.008671814964610558,0.008671814964610558,-0.05405405405405417,1.0
374,6781 AES-KY,2023-07-03,2023-07-10,2023-06-30,2023-07-07,0.011363636363636364,5.0,3989.0,3994.0,-0.034066071428571654,電子零組件業,6781 AES-KY,826.0,799.0,843.5474909035778,0.01599015990159902,-0.009913258983890949,767124372.0,251331043.0,928722.0,314557.0,0,0,-0.034066071428571654,0.0,0.0,-0.034066071428571654,0.0
375,6790 永豐實,2023-07-03,2023-07-10,2023-06-30,2023-07-07,0.011363636363636364,5.0,3989.0,3994.0,-0.030668049212246973,造紙工業,6790 永豐實,42.05,41.0,45.44569313593539,0.008393285371702364,0.0,16775973.649999999,10394361.0,398953.0,253521.0,0,0,-0.02635969084423273,0.02113495838287771,0.02113495838287771,-0.046511627906976605,1.0
376,6806 森崴能源,2023-07-03,2023-07-10,2023-06-30,2023-07-07,0.011363636363636364,5.0,3989.0,3994.0,-0.022412966135416545,綠能環保,6806 森崴能源,120.0,118.0,133.59375,0.02127659574468077,0.012875536480686733,699301920.0,413106790.0,5827516.0,3500905.0,0,0,-0.030550104166666592,0.06098593749999992,0.06098593749999992,-0.08627450980392148,2.0
377,8011 台通,2023-07-03,2023-07-10,2023-06-30,2023-07-07,0.011363636363636364,5.0,3989.0,3994.0,0.006606434316353882,通信網路業,8011 台通,18.65,18.8,21.61687193891719,0.01634877384196165,0.002666666666666595,26312165.999999996,20323627.2,1410840.0,1081044.0,0,0,-0.0014250000000000096,0.006606434316353882,0.0,-0.0014250000000000096,2.0
378,8050 廣積,2023-07-03,2023-07-10,2023-06-30,2023-07-07,0.011363636363636364,5.0,3989.0,3994.0,-0.09603728377420973,電腦及週邊設備業,8050 廣積,98.1,89.2,374.5448272491838,0.09977578475336313,-0.08135942327497414,3125352890.7,1358330910.0,31858847.0,15227925.0,0,0,-0.09201946992864396,0.038273700305810676,0.038273700305810676,-0.12549019607843137,3.0
379,8069 元太,2023-07-03,2023-07-10,2023-06-30,2023-07-07,0.011363636363636364,5.0,3989.0,3994.0,-0.06119760894209347,光電業,8069 元太,224.5,212.0,393.1316464479102,-0.0022222222222222365,-0.0023529411764706687,1466193560.5,975233284.0,6530929.0,4600157.0,0,0,-0.05702494432071259,0.0,0.0,-0.05702494432071259,0.0
380,8086 宏捷科,2023-07-03,2023-07-10,2023-06-30,2023-07-07,0.011363636363636364,5.0,3989.0,3994.0,0.08780082072220718,半導體業,8086 宏捷科,91.3,99.9,133.7358488505844,0.011074197120708895,0.03630705394190881,221370088.5,680578740.0,2424645.0,6812600.0,0,0,-0.0014250000000000096,0.10466675794085423,0.0,-0.045544554455445474,5.0
381,8936 國統,2023-07-03,2023-07-10,2023-06-30,2023-07-07,0.011363636363636364,5.0,3989.0,3994.0,0.0742948837209303,其他,8936 國統,32.25,34.8,74.37695492798375,-0.02124430955993939,0.025036818851251752,343394517.0,239988977.99999997,10647892.0,6896235.0,0,0,0.0,0.07906976744186056,0.0,0.0,5.0
382,9912 偉聯,2023-07-03,2023-07-10,2023-06-30,2023-07-07,0.011363636363636364,5.0,3989.0,3994.0,0.08572333377467056,電腦及週邊設備業,9912 偉聯,11.4,12.45,18.024697606484093,0.0,0.0873362445414847,1771024.2,6903388.05,155353.0,554489.0,0,0,-0.0014250000000000096,0.09054901315789432,0.0,-0.021367521367521625,5.0
383,9914 美利達,2023-07-03,2023-07-10,2023-06-30,2023-07-07,0.011363636363636364,5.0,3989.0,3994.0,-0.0312719662921348,運動休閒,9914 美利達,222.5,216.5,533.8205484307867,0.0022522522522521182,-0.013667425968109326,122779282.5,186083915.0,551817.0,859510.0,0,0,-0.04943820224719098,0.0,0.0,-0.04943820224719098,0.0
384,9921 巨大,2023-07-03,2023-07-10,2023-06-30,2023-07-07,0.011363636363636364,5.0,3989.0,3994.0,-0.01718878205128216,運動休閒,9921 巨大,234.0,231.0,510.82493314853497,0.017391304347825987,-0.004310344827586188,169743366.0,208157796.0,725399.0,901116.0,0,0,-0.012820512820512886,0.012820512820512775,0.012820512820512775,-0.025316455696202556,1.0
385,8155 博智,2023-07-10,2023-07-14,2023-07-07,2023-07-13,0.01818181818181818,4.0,3994.0,3998.0,0.2699325410894686,電子零組件業,8155 博智,146.0,186.5,263.01798048723913,0.020979020979021046,0.0332409972299168,164757058.0,1633134061.5,1128473.0,8756751.0,0,0,-0.0014250000000000096,0.2755769691780816,0.0,-0.0014250000000000096,4.0
386,00642U 期元大S&P石油,2023-07-10,2023-07-17,2023-07-07,2023-07-14,0.01818181818181818,5.0,3994.0,3999.0,0.012077945911139532,vanilla_futures_etf,00642U 期元大S&P石油,15.53,15.74,15.53,0.01769331585845335,-0.026592455163883866,293994951.28,111388894.96000001,18930776.0,7076804.0,0,0,-0.0014250000000000096,0.0397268351577591,0.0,-0.026592455163883866,4.0
387,00646 元大S&P500,2023-07-10,2023-07-17,2023-07-07,2023-07-14,0.01818181818181818,5.0,3994.0,3999.0,0.008127194723324571,foreign_etf,00646 元大S&P500,42.83,43.37,42.83,-0.002561714019562178,0.001385361348418268,24121727.509999998,116146551.42999999,563197.0,2678039.0,0,0,0.0,0.013775391081017885,0.0,-0.0025333947489636355,5.0
388,00757 統一FANG+,2023-07-10,2023-07-17,2023-07-07,2023-07-14,0.01818181818181818,5.0,3994.0,3999.0,0.02297243042572461,foreign_etf,00757 統一FANG+,58.65,60.35,58.65,-0.0008517887563884718,0.0,82741425.89999999,124941699.75,1410766.0,2070285.0,0,0,-0.00568150042625748,0.0275192028985507,0.0,-0.00568150042625748,3.0
389,00893 國泰智能電動車,2023-07-10,2023-07-17,2023-07-07,2023-07-14,0.01818181818181818,5.0,3994.0,3999.0,0.030439684329199856,foreign_etf,00893 國泰智能電動車,17.74,18.28,17.74,0.008527572484366086,-0.0021834061135370675,246041630.35999998,179897008.04000002,13869314.0,9841193.0,0,0,0.0,0.03269447576099238,0.0,-0.0021834061135370675,5.0
390,00895 富邦未來車,2023-07-10,2023-07-17,2023-07-07,2023-07-14,0.01818181818181818,5.0,3994.0,3999.0,0.02750422917744455,foreign_etf,00895 富邦未來車,19.33,19.89,19.33,0.002593360995850391,-0.003007518796992459,61063721.28999999,81572728.77,3159013.0,4101193.0,0,0,-0.0014250000000000096,0.030603789446456364,0.0,-0.003007518796992348,5.0
391,00900 富邦特選高股息30,2023-07-10,2023-07-17,2023-07-07,2023-07-14,0.01818181818181818,5.0,3994.0,3999.0,0.08568816639741517,domestic_etf,00900 富邦特選高股息30,12.38,13.46,14.063722006442397,-0.001612903225806428,0.0014880952380953438,101005807.82000001,348776367.98,8158789.0,25912063.0,0,0,-0.0014250000000000096,0.08568816639741517,0.0,-0.0014250000000000096,5.0
392,00902 中信電池及儲能,2023-07-10,2023-07-17,2023-07-07,2023-07-14,0.01818181818181818,5.0,3994.0,3999.0,-0.003808233890214896,foreign_etf,00902 中信電池及儲能,12.57,12.54,12.57,0.02195121951219514,-0.008695652173913104,83250481.5,49848556.559999995,6622950.0,3975164.0,0,0,-0.003808233890214896,0.009696758154335683,0.009696758154335683,-0.013375295043273061,3.0
393,00903 富邦元宇宙,2023-07-10,2023-07-17,2023-07-07,2023-07-14,0.01818181818181818,5.0,3994.0,3999.0,0.06700167504187604,foreign_etf,00903 富邦元宇宙,11.94,12.74,11.94,0.0025188916876572875,-0.014694508894044778,11770726.62,21467065.62,985823.0,1685013.0,0,0,0.0,0.08291457286432147,0.0,-0.014694508894044778,5.0
394,1229 聯華,2023-07-10,2023-07-17,2023-07-07,2023-07-14,0.01818181818181818,5.0,3994.0,3999.0,0.03803334558823557,食品工業,1229 聯華,68.0,70.9,296.489419761616,0.0,-0.002812939521800062,55007444.0,212445894.4,808933.0,2996416.0,0,0,0.0,0.04558823529411771,0.0,-0.00288184438040362,5.0
395,1533 車王電,2023-07-10,2023-07-17,2023-07-07,2023-07-14,0.01818181818181818,5.0,3994.0,3999.0,-0.04739052505783581,汽車工業,1533 車王電,67.0,64.2,93.35421293775353,-0.01615271659324513,0.007849293563579218,100939386.0,112239255.0,1506558.0,1748275.0,0,0,-0.05358936567164185,0.0,0.0,-0.05358936567164185,0.0
396,1570 力肯,2023-07-10,2023-07-17,2023-07-07,2023-07-14,0.01818181818181818,5.0,3994.0,3999.0,-0.06858171366201482,電機機械,1570 力肯,20.6,19.3,33.86871345094172,-0.039627039627039395,-0.015306122448979553,8138730.4,3728895.1,395084.0,193207.0,0,0,-0.06444186893203907,0.0,0.0,-0.06444186893203907,0.0
397,1598 岱宇,2023-07-10,2023-07-17,2023-07-07,2023-07-14,0.01818181818181818,5.0,3994.0,3999.0,-0.03271278371621644,運動休閒,1598 岱宇,38.85,37.8,51.47850543842205,-0.016455696202531622,-0.016905071521456594,21675463.95,14317694.999999998,557927.0,378775.0,0,0,-0.028413513513513733,0.0,0.0,-0.028413513513513733,0.0
398,1808 潤隆,2023-07-10,2023-07-17,2023-07-07,2023-07-14,0.01818181818181818,5.0,3994.0,3999.0,-0.01675516602210403,建材營造,1808 潤隆,82.0,81.1,736.5216614269718,0.0,-0.014580801944106936,62864644.0,20766709.299999997,766642.0,256063.0,0,0,-0.012384969512195476,0.03145490853658517,0.03145490853658517,-0.04250295159386086,4.0
399,2010 春源,2023-07-10,2023-07-17,2023-07-07,2023-07-14,0.01818181818181818,5.0,3994.0,3999.0,-0.03111601876675607,鋼鐵工業,2010 春源,18.65,18.15,50.04801419404339,-0.02356020942408399,0.011142061281336879,27974999.999999996,27376479.9,1500000.0,1508346.0,0,0,-0.04557640750670222,0.0,0.0,-0.04557640750670222,0.0
400,2332 友訊,2023-07-10,2023-07-17,2023-07-07,2023-07-14,0.01818181818181818,5.0,3994.0,3999.0,0.003375031019197783,通信網路業,2332 友訊,22.5,22.45,39.81336674949255,0.015801354401805856,0.029816513761467878,161373870.0,179575709.1,7172172.0,7998918.0,0,0,-0.03705771466973917,0.007834699564772007,0.0,-0.03705771466973917,1.0
401,2362 藍天,2023-07-10,2023-07-17,2023-07-07,2023-07-14,0.01818181818181818,5.0,3994.0,3999.0,0.06261617098241024,電腦及週邊設備業,2362 藍天,33.4,35.7,70.77247732672174,-0.014749262536873142,0.0393013100436681,36646613.6,125041142.10000001,1097204.0,3502553.0,0,0,-0.0014250000000000096,0.06733914670658692,0.0,-0.0014534883720930258,5.0
402,2393 億光,2023-07-10,2023-07-17,2023-07-07,2023-07-14,0.01818181818181818,5.0,3994.0,3999.0,0.020715630885122627,光電業,2393 億光,53.1,54.2,147.48951071594462,-0.00187969924812037,0.007434944237918462,113883623.10000001,77326327.0,2144701.0,1426685.0,0,0,0.0,0.02259887005649719,0.0,-0.014732965009208066,5.0
403,2404 漢唐,2023-07-10,2023-07-17,2023-07-07,2023-07-14,0.01818181818181818,5.0,3994.0,3999.0,-0.013546312640804192,其他電子業,2404 漢唐,225.0,208.0,754.9704977278253,0.006711409395973034,-0.01187648456057,506979450.0,246303200.0,2253242.0,1184150.0,0,0,-0.025834611111111072,0.002747258489540716,0.0,-0.025834611111111072,1.0
404,2458 義隆,2023-07-10,2023-07-17,2023-07-07,2023-07-14,0.01818181818181818,5.0,3994.0,3999.0,0.051384254807692153,半導體業,2458 義隆,104.0,109.5,190.14391246257293,-0.032558139534883734,-0.009049773755656076,116827568.0,193396162.5,1123342.0,1766175.0,0,0,-0.0014250000000000096,0.0609859374999997,0.0,-0.009049773755655965,5.0
405,2480 敦陽科,2023-07-10,2023-07-17,2023-07-07,2023-07-14,0.01818181818181818,5.0,3994.0,3999.0,0.0026172103537234204,資訊服務業,2480 敦陽科,117.5,118.5,330.4254425841394,-0.03292181069958844,-0.012500000000000067,93568422.5,30142489.5,796327.0,254367.0,0,0,-0.0014250000000000096,0.01982127659574484,0.0,-0.012500000000000067,5.0
406,2489 瑞軒,2023-07-10,2023-07-17,2023-07-07,2023-07-14,0.01818181818181818,5.0,3994.0,3999.0,-0.005843694374999764,光電業,2489 瑞軒,14.1,14.1,60.69937693435797,-0.07843137254901966,0.010752688172043001,240978475.2,49529464.8,17090672.0,3512728.0,0,0,-0.012048138297872102,0.04814964539007116,0.04814964539007116,-0.057432432432432456,2.0
407,2497 怡利電,2023-07-10,2023-07-17,2023-07-07,2023-07-14,0.01818181818181818,5.0,3994.0,3999.0,-0.0017242621693712712,汽車工業,2497 怡利電,72.4,72.7,98.26941637944621,0.0027700831024930483,0.008321775312066793,135047502.8,54819144.2,1865297.0,754046.0,0,0,-0.005562741712707098,0.031676933701657584,0.031676933701657584,-0.03609625668449201,4.0
408,2645 長榮航太,2023-07-10,2023-07-17,2023-07-07,2023-07-14,0.01818181818181818,5.0,3994.0,3999.0,-0.046329697771493095,航運業,2645 長榮航太,110.5,106.0,114.51818181818182,0.00454545454545463,0.0,304311806.5,167811462.0,2753953.0,1583127.0,0,0,-0.042090950226244206,0.012130316742081648,0.012130316742081648,-0.0535714285714286,1.0
409,2809 京城銀,2023-07-10,2023-07-17,2023-07-07,2023-07-14,0.01818181818181818,5.0,3994.0,3999.0,0.003821714151909683,金融保險業,2809 京城銀,36.0,36.35,60.25341863708347,-0.0027700831024930483,0.0055325034578148635,24276636.0,50610650.25,674351.0,1392315.0,0,0,-0.0014250000000000096,0.008283368055555629,0.0,-0.0014250000000000096,4.0
410,3033 威健,2023-07-10,2023-07-17,2023-07-07,2023-07-14,0.01818181818181818,5.0,3994.0,3999.0,0.07729478102189802,電子通路業,3033 威健,34.25,36.95,169.93094561015099,-0.014388489208633004,0.030683403068340498,233240616.25,447218006.55,6809945.0,12103329.0,0,0,-0.0014250000000000096,0.07729478102189802,0.0,-0.0014250000000000096,5.0
411,3035 智原,2023-07-10,2023-07-17,2023-07-07,2023-07-14,0.01818181818181818,5.0,3994.0,3999.0,0.2528142998027614,半導體業,3035 智原,253.5,319.0,462.9843978134283,0.036809815950920255,0.08135593220338966,6032438860.5,12776524519.0,23796603.0,40051801.0,0,1,0.0,0.2583826429980276,0.0,-0.005725190839694694,5.0
412,3044 健鼎,2023-07-10,2023-07-17,2023-07-07,2023-07-14,0.01818181818181818,5.0,3994.0,3999.0,-0.00931777107019005,電子零組件業,3044 健鼎,124.5,116.5,408.1495433521144,0.0040322580645162365,0.004310344827586077,385823757.0,283465470.0,3098986.0,2433180.0,0,0,-0.013456024096385577,0.0,0.0,-0.013456024096385577,0.0
413,3047 訊舟,2023-07-10,2023-07-17,2023-07-07,2023-07-14,0.01818181818181818,5.0,3994.0,3999.0,0.018404020396342036,通信網路業,3047 訊舟,16.4,16.8,40.316872517644235,-0.009063444108761476,0.024390243902439268,103900723.99999999,104299557.60000001,6335410.0,6208307.0,0,0,-0.02578048780487796,0.022930487804878608,0.0,-0.02578048780487796,1.0
414,3178 公準,2023-07-10,2023-07-17,2023-07-07,2023-07-14,0.01818181818181818,5.0,3994.0,3999.0,-0.11049172654605266,半導體業,3178 公準,104.5,93.5,113.60052164968647,0.014563106796116498,-0.010582010582010581,155126070.0,72904381.0,1484460.0,779726.0,0,0,-0.10653815789473686,0.0,0.0,-0.10653815789473686,0.0
415,3289 宜特,2023-07-10,2023-07-17,2023-07-07,2023-07-14,0.01818181818181818,5.0,3994.0,3999.0,0.030203695652173623,其他電子業,3289 宜特,115.0,119.0,171.42739990629627,0.00877192982456143,0.017094017094017033,867879815.0,513787617.0,7546781.0,4317543.0,0,0,-0.008695652173913215,0.03478260869565197,0.017391304347825987,-0.02564102564102566,4.0
416,3540 曜越,2023-07-10,2023-07-17,2023-07-07,2023-07-14,0.01818181818181818,5.0,3994.0,3999.0,0.15440214007782127,電腦及週邊設備業,3540 曜越,51.4,59.6,145.48961112191887,-0.013435700575815779,0.008460236886632888,33069166.599999998,1076434586.8,643369.0,18060983.0,0,0,0.0,0.1595330739299614,0.0,-0.05156537753222823,5.0
417,3702 大聯大,2023-07-10,2023-07-17,2023-07-07,2023-07-14,0.01818181818181818,5.0,3994.0,3999.0,0.03759569271758423,電子通路業,3702 大聯大,56.3,58.5,188.36129805228774,0.0035650623885916666,0.0034305317324185847,139967655.2,273732615.0,2486104.0,4679190.0,0,0,-0.0014250000000000096,0.03759569271758423,0.0,-0.010344827586206806,5.0
418,3704 合勤控,2023-07-10,2023-07-17,2023-07-07,2023-07-14,0.01818181818181818,5.0,3994.0,3999.0,0.21405333233387536,通信網路業,3704 合勤控,53.8,65.7,61.08404798088566,-0.005545286506469571,0.06310679611650505,551070118.1999999,2106541530.9,10242939.0,32063037.0,0,0,-0.0014250000000000096,0.2194493959107806,0.0,-0.01256732495511681,5.0
419,4161 聿新科,2023-07-10,2023-07-17,2023-07-07,2023-07-14,0.01818181818181818,5.0,3994.0,3999.0,-0.03213750094694623,生技醫療業,4161 聿新科,39.7,38.65,53.07910713336546,-0.028151774785801664,0.006510416666666519,14297002.200000001,12727522.299999999,360126.0,329302.0,0,0,-0.05676164987405563,0.0,0.0,-0.05676164987405563,0.0
420,4168 醣聯,2023-07-10,2023-07-17,2023-07-07,2023-07-14,0.01818181818181818,5.0,3994.0,3999.0,-0.02339701598314592,生技醫療業,4168 醣聯,31.15,30.6,38.156775160386815,-0.004792332268370614,0.016611295681063343,19551328.65,18697395.6,627651.0,611026.0,0,0,-0.03989337881219901,0.0,0.0,-0.03989337881219901,0.0
421,4960 奇美材,2023-07-10,2023-07-17,2023-07-07,2023-07-14,0.01818181818181818,5.0,3994.0,3999.0,-0.03233675879262998,光電業,4960 奇美材,12.85,12.2,17.633169760274466,0.007843137254901933,0.025210084033613356,94348914.8,45580688.4,7342328.0,3736122.0,0,0,-0.05193657587548639,0.0,0.0,-0.05193657587548639,0.0
422,5457 宣德,2023-07-10,2023-07-17,2023-07-07,2023-07-14,0.01818181818181818,5.0,3994.0,3999.0,0.015729317681962174,電子零組件業,5457 宣德,55.3,56.5,35.73930637798278,-0.019503546099290836,-0.07072368421052633,92632532.3,554930344.0,1675091.0,9821776.0,0,0,-0.0014250000000000096,0.1556745027124775,0.0,-0.11718749999999989,5.0
423,5469 瀚宇博,2023-07-10,2023-07-17,2023-07-07,2023-07-14,0.01818181818181818,5.0,3994.0,3999.0,0.1366060860440712,電子零組件業,5469 瀚宇博,47.65,54.4,151.7261253367874,-0.00935550935550944,0.09898989898989896,139426234.85,1394374544.0,2926049.0,25631885.0,0,0,-0.0031479538300105414,0.14165792235047214,0.005246589716684014,-0.008350730688935215,3.0
424,6015 宏遠證,2023-07-10,2023-07-17,2023-07-07,2023-07-14,0.01818181818181818,5.0,3994.0,3999.0,0.03775965236293888,金融業,6015 宏遠證,11.4,11.9,18.4286275313287,-0.03797468354430378,0.030303030303030276,26164060.2,21752164.7,2295093.0,1827913.0,0,0,-0.014564144736842088,0.04237214912280729,0.02047357456140353,-0.03433476394849788,3.0
425,6016 康和證,2023-07-10,2023-07-17,2023-07-07,2023-07-14,0.01818181818181818,5.0,3994.0,3999.0,0.03607296610169497,金融業,6016 康和證,14.75,15.35,25.251724979199942,-0.032786885245901676,0.01655629139072845,345075497.75,87066642.89999999,23394949.0,5672094.0,0,0,-0.01016949152542368,0.04067796610169494,0.02033898305084758,-0.029900332225913706,4.0
426,6026 福邦證,2023-07-10,2023-07-17,2023-07-07,2023-07-14,0.01818181818181818,5.0,3994.0,3999.0,0.020616739615018753,金融業,6026 福邦證,13.15,13.5,24.0792164208855,-0.047101449275362306,0.022727272727272707,68647484.15,29682126.0,5220341.0,2198676.0,0,0,-0.01661245247148313,0.025153041825094702,0.01755931558935342,-0.03358208955223885,3.0
427,6120 達運,2023-07-10,2023-07-17,2023-07-07,2023-07-14,0.01818181818181818,5.0,3994.0,3999.0,0.07806549999999968,光電業,6120 達運,17.5,18.95,27.230037449500703,0.09717868338557989,0.010666666666666602,375304947.5,255477741.25,21445997.0,13481675.0,2,0,0.0,0.09428571428571408,0.0,-0.02088772845953013,5.0
428,6231 系微,2023-07-10,2023-07-17,2023-07-07,2023-07-14,0.01818181818181818,5.0,3994.0,3999.0,0.006514390858869845,資訊服務業,6231 系微,116.0,111.0,208.25001884327511,-0.016949152542372836,-0.030567685589519722,46820268.0,84413946.0,403623.0,760486.0,0,0,-0.0026739873576046014,0.04286601321967365,0.02009601293103458,-0.03056768558951961,4.0
429,6248 沛波,2023-07-10,2023-07-17,2023-07-07,2023-07-14,0.01818181818181818,5.0,3994.0,3999.0,-0.04355307148491383,鋼鐵工業,6248 沛波,29.0,27.9,6.913789784379844,0.03202846975088969,-0.0017889087656529634,52777970.0,9673850.7,1819930.0,346733.0,0,0,-0.042745344827586185,0.0,0.0,-0.042745344827586185,0.0
430,6266 泰詠,2023-07-10,2023-07-17,2023-07-07,2023-07-14,0.01818181818181818,5.0,3994.0,3999.0,-0.03186872855366474,電子零組件業,6266 泰詠,38.2,37.2,132.32867110037924,-0.09905660377358494,-0.005347593582887611,285984300.0,54265462.800000004,7486500.0,1458749.0,0,0,-0.04455716623036643,0.0,0.0,-0.04455716623036643,0.0
431,6284 佳邦,2023-07-10,2023-07-17,2023-07-07,2023-07-14,0.01818181818181818,5.0,3994.0,3999.0,0.004865350209829478,電子零組件業,6284 佳邦,55.7,56.3,93.57439210886906,-0.012411347517730431,0.005357142857142838,15135416.700000001,25248692.099999998,271731.0,448467.0,0,0,-0.00859609515260329,0.009331642728904965,0.0,-0.00859609515260329,2.0
432,6451 訊芯-KY,2023-07-10,2023-07-17,2023-07-07,2023-07-14,0.01818181818181818,5.0,3994.0,3999.0,0.08942961824739593,半導體業,6451 訊芯-KY,120.0,131.5,160.81359583034356,-0.020408163265306145,0.05622489959839361,167523360.0,245265384.0,1396028.0,1865136.0,2,2,-0.0014250000000000096,0.09427177083333338,0.0,-0.023809523809523725,5.0
433,6462 神盾,2023-07-10,2023-07-17,2023-07-07,2023-07-14,0.01818181818181818,5.0,3994.0,3999.0,0.08165484805081569,半導體業,6462 神盾,111.0,117.0,154.04979861660607,-0.008928571428571397,0.07834101382488501,103123329.0,292493214.0,929039.0,2499942.0,0,0,-0.04190777027027026,0.08165484805081569,0.0,-0.04190777027027026,2.0
434,6576 逸達,2023-07-10,2023-07-17,2023-07-07,2023-07-14,0.01818181818181818,5.0,3994.0,3999.0,-0.03935458108146073,生技醫療業,6576 逸達,89.0,86.0,89.0,0.0,-0.00462962962962965,124768477.0,36885400.0,1401893.0,428900.0,0,0,-0.057524719101123556,0.0,0.0,-0.057524719101123556,0.0
435,6753 龍德造船,2023-07-10,2023-07-17,2023-07-07,2023-07-14,0.01818181818181818,5.0,3994.0,3999.0,0.0037616805585749535,航運業,6753 龍德造船,103.5,104.5,103.5,-0.032710280373831724,0.03980099502487566,123890121.0,181239679.5,1197006.0,1734351.0,0,0,-0.030369202898550718,0.0082230676328503,0.0033990338164251455,-0.033653846153846145,2.0
436,6781 AES-KY,2023-07-10,2023-07-17,2023-07-07,2023-07-14,0.01818181818181818,5.0,3994.0,3999.0,-0.11780532162126212,電子零組件業,6781 AES-KY,799.0,691.0,815.9739046391751,-0.009913258983890949,-0.03894297635605004,251331043.0,443601270.0,314557.0,641970.0,0,0,-0.11388425946941427,0.0,0.0,-0.11388425946941427,0.0
437,8011 台通,2023-07-10,2023-07-17,2023-07-07,2023-07-14,0.01818181818181818,5.0,3994.0,3999.0,0.04853111702127655,通信網路業,8011 台通,18.8,19.8,21.79073417971277,0.002666666666666595,0.04210526315789487,20323627.2,122317331.4,1081044.0,6177643.0,0,0,-0.007978723404255428,0.05319148936170204,0.0,-0.007978723404255428,2.0
438,8105 凌巨,2023-07-10,2023-07-17,2023-07-07,2023-07-14,0.01818181818181818,5.0,3994.0,3999.0,-0.02786614418314881,光電業,8105 凌巨,15.8,15.45,20.24629644092147,0.019354838709677358,-0.01904761904761909,52847129.0,69083423.55,3344755.0,4471419.0,0,0,-0.0235453322784811,0.04597571202531636,0.04597571202531636,-0.06646525679758308,3.0
439,8213 志超,2023-07-10,2023-07-17,2023-07-07,2023-07-14,0.01818181818181818,5.0,3994.0,3999.0,0.06856273466833507,電子零組件業,8213 志超,39.95,42.75,108.09018473697999,-0.0012499999999998623,0.017857142857142794,17601610.450000003,60736421.25,440591.0,1420735.0,0,0,-0.0014250000000000096,0.06856273466833507,0.0,-0.0014250000000000096,5.0
440,3689 湧德,2023-07-17,2023-07-20,2023-07-14,2023-07-19,0.012048192771084338,3.0,3999.0,4002.0,-0.09110892496692502,電子零組件業,3689 湧德,54.8,50.1,91.52105645159769,0.09929789368104291,0.03941908713692954,502234328.0,101674593.3,9164860.0,2029433.0,0,0,-0.12169133211678829,0.0,0.0,-0.12169133211678829,0.0
441,6462 神盾,2023-07-17,2023-07-20,2023-07-14,2023-07-19,0.012048192771084338,3.0,3999.0,4002.0,-0.14057200854700858,半導體業,6462 神盾,117.0,101.0,166.86649627209155,0.07834101382488501,-0.009803921568627416,292493214.0,54353756.0,2499942.0,538156.0,0,0,-0.13675213675213682,0.0,0.0,-0.13675213675213682,0.0
442,6538 倉和,2023-07-17,2023-07-21,2023-07-14,2023-07-20,0.012048192771084338,4.0,3999.0,4003.0,-0.06889560563918196,電子零組件業,6538 倉和,159.5,146.0,255.09461253741011,0.009493670886076,0.042857142857142705,74216626.0,64920798.0,465308.0,444663.0,2,2,-0.10319179347713259,0.0,0.0,-0.10319179347713259,0.0
443,0050 元大台灣50,2023-07-17,2023-07-24,2023-07-14,2023-07-21,0.012048192771084338,5.0,3999.0,4004.0,-0.0276219070654784,domestic_etf,0050 元大台灣50,132.0,127.25,240.4030285354709,-0.001890359168241984,0.00039308176100627534,2074779564.0,1307598858.5,15718027.0,10275826.0,0,0,-0.023683781706379525,0.0,0.0,-0.023683781706379525,0.0
444,0056 元大高股息,2023-07-17,2023-07-24,2023-07-14,2023-07-21,0.012048192771084338,5.0,3999.0,4004.0,0.02858369347452805,domestic_etf,0056 元大高股息,35.94,35.99,77.35266126670243,0.01125492402926298,0.02070334656834949,4600889397.42,5360734649.29,128015843.0,148950671.0,0,0,-0.018001230681167546,0.02858369347452805,0.003433550372066607,-0.02136143548846481,3.0
445,00641R 富邦日本反1,2023-07-17,2023-07-24,2023-07-14,2023-07-21,0.012048192771084338,5.0,3999.0,4004.0,-0.02879505501518853,leveraged_etf,00641R 富邦日本反1,8.23,8.04,8.23,0.006112469437652868,-0.011070110701107194,4751664.57,3309481.0799999996,577359.0,411627.0,0,0,-0.02447837181044976,0.0,0.0,-0.02447837181044976,0.0
446,00642U 期元大S&P石油,2023-07-17,2023-07-24,2023-07-14,2023-07-21,0.012048192771084338,5.0,3999.0,4004.0,0.03430749682337986,vanilla_futures_etf,00642U 期元大S&P石油,15.74,16.28,15.74,-0.026592455163883866,0.009299442033478211,111388894.96000001,81670687.56,7076804.0,5016627.0,0,0,-0.0025412960609911828,0.03430749682337986,0.0,-0.0025412960609911828,4.0
447,00692 富邦公司治理,2023-07-17,2023-07-24,2023-07-14,2023-07-21,0.012048192771084338,5.0,3999.0,4004.0,-0.018045674192428862,domestic_etf,00692 富邦公司治理,33.33,32.19,44.396023068375634,-0.0002999400119977347,0.002803738317756821,111920373.50999999,53493245.43,3357947.0,1661797.0,0,0,-0.016438861613991995,0.0,0.0,-0.016438861613991995,0.0
448,00701 國泰股利精選30,2023-07-17,2023-07-24,2023-07-14,2023-07-21,0.012048192771084338,5.0,3999.0,4004.0,0.018318688212927592,domestic_etf,00701 國泰股利精選30,26.3,26.82,33.503963979058895,0.005736137667303964,0.010550113036925435,73097878.10000001,102439687.32000001,2779387.0,3819526.0,0,0,-0.00825935361216712,0.018318688212927592,0.005789039923954409,-0.013967534918837177,3.0
449,00713 元大台灣高息低波,2023-07-17,2023-07-24,2023-07-14,2023-07-21,0.012048192771084338,5.0,3999.0,4004.0,-0.0115669822751866,domestic_etf,00713 元大台灣高息低波,46.9,46.63,65.14559909006005,0.012303043384416013,0.00647528599179803,543860513.6999999,357275143.08000004,11596173.0,7661916.0,0,0,-0.016754936034115153,0.0,0.0,-0.016754936034115153,0.0
450,00731 復華富時高息低波,2023-07-17,2023-07-24,2023-07-14,2023-07-21,0.012048192771084338,5.0,3999.0,4004.0,0.022787325495958743,domestic_etf,00731 復華富時高息低波,68.05,69.7,88.44104608241577,0.012648809523809312,0.015294974508375692,45015143.05,52574013.0,661501.0,754290.0,0,0,-0.016099136664217473,0.022787325495958743,0.002243534166054495,-0.018301610541727742,3.0
451,00738U 期元大道瓊白銀,2023-07-17,2023-07-24,2023-07-14,2023-07-21,0.012048192771084338,5.0,3999.0,4004.0,-0.01571125075837454,vanilla_futures_etf,00738U 期元大道瓊白銀,24.18,23.94,24.18,0.0024875621890547706,-0.008285004142501995,14617825.56,5967092.88,604542.0,249252.0,0,0,-0.011336414392059346,0.01096426799007455,0.01096426799007455,-0.022058823529411686,2.0
452,00752 中信中國50,2023-07-17,2023-07-24,2023-07-14,2023-07-21,0.012048192771084338,5.0,3999.0,4004.0,-0.024213973935461985,foreign_etf,00752 中信中國50,18.4,18.06,18.4,-0.016042780748663166,-0.0066006600660066805,24706415.999999996,37631441.4,1342740.0,2083690.0,0,0,-0.022047744565217298,0.0,0.0,-0.022047744565217298,0.0
453,00830 國泰費城半導體,2023-07-17,2023-07-24,2023-07-14,2023-07-21,0.012048192771084338,5.0,3999.0,4004.0,-0.0064316046680956696,foreign_etf,00830 國泰費城半導體,33.82,33.8,37.42841721397521,-0.005878894767783804,0.011673151750972943,71667792.9,87086511.19999999,2119095.0,2576524.0,0,0,-0.013530728858663577,0.019243317563572004,0.019243317563572004,-0.032155272305909866,3.0
454,00850 元大臺灣ESG永續,2023-07-17,2023-07-24,2023-07-14,2023-07-21,0.012048192771084338,5.0,3999.0,4004.0,-0.01489176086532984,domestic_etf,00850 元大臺灣ESG永續,35.16,34.84,39.30504376056336,0.0028522532800911993,0.0046136101499423265,86364914.39999999,49318005.88,2456340.0,1415557.0,0,0,-0.015057423208191034,0.0,0.0,-0.015057423208191034,0.0
455,00861 元大全球未來通訊,2023-07-17,2023-07-24,2023-07-14,2023-07-21,0.012048192771084338,5.0,3999.0,4004.0,-0.003967927760613277,foreign_etf,00861 元大全球未來通訊,31.8,31.86,31.8,-0.0025094102885820924,0.008866371120962668,17594367.6,13713053.76,553282.0,430416.0,0,0,-0.008333380503144694,0.005483380503144675,0.005483380503144675,-0.013741411617739008,4.0
456,00876 元大全球5G,2023-07-17,2023-07-24,2023-07-14,2023-07-21,0.012048192771084338,5.0,3999.0,4004.0,-0.02740753130721696,foreign_etf,00876 元大全球5G,31.35,30.67,31.35,0.0015974440894568342,0.011210023079459397,42326826.300000004,44617489.2,1350138.0,1454760.0,0,0,-0.03391452153110064,0.0,0.0,-0.03391452153110064,0.0
457,00877 復華中國5G,2023-07-17,2023-07-24,2023-07-14,2023-07-21,0.012048192771084338,5.0,3999.0,4004.0,-0.05996443128088369,其他證券,00877 復華中國5G,11.94,11.29,11.94,-0.0033388981636061077,0.0062388591800355275,11696197.139999999,13895980.379999999,979581.0,1230822.0,0,0,-0.06164057788944721,0.0,0.0,-0.06164057788944721,0.0
458,00878 國泰永續高股息,2023-07-17,2023-07-24,2023-07-14,2023-07-21,0.012048192771084338,5.0,3999.0,4004.0,0.038461689379699404,domestic_etf,00878 國泰永續高股息,21.28,22.13,24.85923760632895,0.012851023322227428,0.02406293382693181,2934643106.08,5491272341.12,137906161.0,248137024.0,0,0,-0.016441165413533687,0.038461689379699404,0.005613827537594096,-0.021931871208586085,3.0
459,00881 國泰台灣科技龍頭,2023-07-17,2023-07-24,2023-07-14,2023-07-21,0.012048192771084338,5.0,3999.0,4004.0,0.00025327731092450456,domestic_etf,00881 國泰台灣科技龍頭,17.85,17.88,19.815508458831786,0.001121704991587258,0.013031161473088027,392052062.85,290693004.24,21963701.0,16257998.0,0,0,-0.012613515406162623,0.0013721288515406993,0.0013721288515406993,-0.01396648044692761,2.0
460,00891 中信關鍵半導體,2023-07-17,2023-07-24,2023-07-14,2023-07-21,0.012048192771084338,5.0,3999.0,4004.0,-0.029987490368750036,domestic_etf,00891 中信關鍵半導體,14.0,13.66,15.484887934351804,-0.004267425320056972,-0.0050983248361252675,74538534.0,54374299.34,5324181.0,3980549.0,0,0,-0.025676107142857174,0.0,0.0,-0.025676107142857174,0.0
461,00893 國泰智能電動車,2023-07-17,2023-07-24,2023-07-14,2023-07-21,0.012048192771084338,5.0,3999.0,4004.0,-0.021308383479212267,foreign_etf,00893 國泰智能電動車,18.28,17.97,18.28,-0.0021834061135370675,0.000556792873051215,179897008.04000002,178121838.66,9841193.0,9912178.0,0,0,-0.017505470459518557,0.023522975929978207,0.023522975929978207,-0.040085515766969615,3.0
462,00894 中信小資高價30,2023-07-17,2023-07-24,2023-07-14,2023-07-21,0.012048192771084338,5.0,3999.0,4004.0,-0.020385874377493174,domestic_etf,00894 中信小資高價30,15.04,14.82,16.05535751289145,-0.011176857330703616,0.0,17101953.919999998,21419479.38,1137098.0,1445309.0,0,0,-0.016031815159574303,0.0,0.0,-0.016031815159574303,0.0
463,00895 富邦未來車,2023-07-17,2023-07-24,2023-07-14,2023-07-21,0.012048192771084338,5.0,3999.0,4004.0,-0.025447699849170502,foreign_etf,00895 富邦未來車,19.89,19.47,19.89,-0.003007518796992459,-0.004601226993865004,81572728.77,62624164.68,4101193.0,3216444.0,0,0,-0.021116138763197623,0.025641025641025772,0.025641025641025772,-0.04558823529411782,3.0
464,00896 中信綠能及電動車,2023-07-17,2023-07-24,2023-07-14,2023-07-21,0.012048192771084338,5.0,3999.0,4004.0,-0.0113407564252338,domestic_etf,00896 中信綠能及電動車,17.12,16.95,18.002337757650498,0.0017554125219425565,0.003552397868561208,61890991.36000001,58894300.5,3615128.0,3474590.0,0,0,-0.021256512850467257,0.0,0.0,-0.021256512850467257,0.0
465,00898 國泰基因免疫革命,2023-07-17,2023-07-24,2023-07-14,2023-07-21,0.012048192771084338,5.0,3999.0,4004.0,0.032424999999999926,foreign_etf,00898 國泰基因免疫革命,7.67,7.93,7.67,-0.0013020833333332593,0.015364916773367598,10612035.59,15808875.29,1383577.0,1993553.0,0,0,-0.0014250000000000096,0.032424999999999926,0.0,-0.0014250000000000096,5.0
466,00900 富邦特選高股息30,2023-07-17,2023-07-24,2023-07-14,2023-07-21,0.012048192771084338,5.0,3999.0,4004.0,-0.0014858841010401136,domestic_etf,00900 富邦特選高股息30,13.46,13.44,15.290605670978566,0.0014880952380953438,0.007496251874062887,348776367.98,200537998.07999998,25912063.0,14920982.0,0,0,-0.0208023774145617,0.0,0.0,-0.0208023774145617,0.0
467,00901 永豐智能車供應鏈,2023-07-17,2023-07-24,2023-07-14,2023-07-21,0.012048192771084338,5.0,3999.0,4004.0,-0.009387059800664566,domestic_etf,00901 永豐智能車供應鏈,15.05,14.93,15.736359867330014,-0.005287508261731744,0.006064690026954089,37924148.85,15155248.91,2519877.0,1015087.0,0,0,-0.015358604651162788,0.0,0.0,-0.015358604651162788,0.0
468,00902 中信電池及儲能,2023-07-17,2023-07-24,2023-07-14,2023-07-21,0.012048192771084338,5.0,3999.0,4004.0,0.027910685805422997,foreign_etf,00902 中信電池及儲能,12.54,12.89,12.54,-0.008695652173913104,0.00781860828772496,49848556.559999995,63145931.59,3975164.0,4898831.0,0,0,0.0,0.027910685805422997,0.0,-0.007757951900698168,5.0
469,00903 富邦元宇宙,2023-07-17,2023-07-24,2023-07-14,2023-07-21,0.012048192771084338,5.0,3999.0,4004.0,-0.02317994505494514,foreign_etf,00903 富邦元宇宙,12.74,12.5,12.74,-0.014694508894044778,-0.005568814638027053,21467065.62,19756437.5,1685013.0,1580515.0,0,0,-0.01883830455259039,0.013343799058084693,0.013343799058084693,-0.031758326878388865,3.0
470,00904 新光臺灣半導體30,2023-07-17,2023-07-24,2023-07-14,2023-07-21,0.012048192771084338,5.0,3999.0,4004.0,-0.02998711201004034,domestic_etf,00904 新光臺灣半導體30,13.29,12.86,13.838243071568375,-0.0067264573991032695,-0.004643962848297267,16365000.329999998,7415770.4399999995,1231377.0,576654.0,0,0,-0.025675727102468793,0.0,0.0,-0.025675727102468793,0.0
471,00908 富邦入息REITs+,2023-07-17,2023-07-24,2023-07-14,2023-07-21,0.012048192771084338,5.0,3999.0,4004.0,0.01500151848487885,其他證券,00908 富邦入息REITs+,12.58,12.66,13.062981860530748,0.0031897926634769647,0.0,15282737.52,16378647.120000001,1214844.0,1293732.0,0,0,-0.007867419354838812,0.019512862903225736,0.0,-0.007867419354838812,3.0
472,00912 中信臺灣智慧50,2023-07-17,2023-07-24,2023-07-14,2023-07-21,0.012048192771084338,5.0,3999.0,4004.0,-0.017381291732349813,domestic_etf,00912 中信臺灣智慧50,15.69,15.33,16.49480720963673,0.0,0.0,13078697.61,11789735.790000001,833569.0,769063.0,0,0,-0.01301387814313315,0.0,0.0,-0.01301387814313315,0.0
473,00915 凱基優選高股息30,2023-07-17,2023-07-24,2023-07-14,2023-07-21,0.012048192771084338,5.0,3999.0,4004.0,0.026899716348633085,domestic_etf,00915 凱基優選高股息30,19.39,19.94,19.992303552206675,0.0015495867768595684,0.01424211597151559,32689930.630000003,25257320.040000003,1685917.0,1266666.0,0,0,-0.008634927797833925,0.026899716348633085,0.00011998452810746407,-0.008753861997940482,4.0
474,00917 中信特選金融,2023-07-17,2023-07-24,2023-07-14,2023-07-21,0.012048192771084338,5.0,3999.0,4004.0,0.04425314485387566,foreign_etf,00917 中信特選金融,15.74,16.46,15.74,0.0019096117122852085,0.0030469226081657474,13845344.72,18496595.8,879628.0,1123730.0,0,0,-0.0014250000000000096,0.04425314485387566,0.0,-0.0014250000000000096,5.0
475,00919 群益台灣精選高息,2023-07-17,2023-07-24,2023-07-14,2023-07-21,0.012048192771084338,5.0,3999.0,4004.0,0.005470306134339742,domestic_etf,00919 群益台灣精選高息,20.21,20.44,20.76173913043478,0.0004950495049504955,0.0014698677119060477,325684372.31,356566806.40000004,16115011.0,17444560.0,0,0,-0.0014250000000001206,0.009939287481445236,0.004010094012864895,-0.005413385826771755,4.0
476,00922 國泰台灣領袖50,2023-07-17,2023-07-24,2023-07-14,2023-07-21,0.012048192771084338,5.0,3999.0,4004.0,-0.015969911987717356,domestic_etf,00922 國泰台灣領袖50,16.69,16.52,16.69,0.0,0.0018192844147968401,42176180.77,50977465.56,2527033.0,3085803.0,0,0,-0.013391147393648994,0.0,0.0,-0.013391147393648994,0.0
477,00923 群益台ESG低碳50,2023-07-17,2023-07-24,2023-07-14,2023-07-21,0.012048192771084338,5.0,3999.0,4004.0,-0.020550148600221974,domestic_etf,00923 群益台ESG低碳50,16.9,16.65,16.9,0.0011848341232227888,0.0012026458208056479,71004251.5,60859446.3,4201435.0,3655222.0,0,0,-0.017378565088757347,0.0,0.0,-0.017378565088757347,0.0
478,00928 中信上櫃ESG30,2023-07-17,2023-07-24,2023-07-14,2023-07-21,0.012048192771084338,5.0,3999.0,4004.0,-0.026093854642345704,其他證券,00928 中信上櫃ESG30,15.71,15.39,15.71,0.001274697259400881,-0.007096774193548372,11189400.370000001,12767944.14,712247.0,829626.0,0,0,-0.02176516549968177,0.0,0.0,-0.02176516549968177,0.0
479,020030 統一智慧電動車N,2023-07-17,2023-07-24,2023-07-14,2023-07-21,0.012048192771084338,5.0,3999.0,4004.0,-0.005843694374999986,其他證券,020030 統一智慧電動車N,4.96,4.96,4.96,-0.008000000000000007,0.012244897959183598,3318240.0,1830240.0,669000.0,369000.0,0,0,-0.013504536290322555,0.0005882560483869703,0.0005882560483869703,-0.014084507042253391,1.0
480,2066 世德,2023-07-17,2023-07-24,2023-07-14,2023-07-21,0.012048192771084338,5.0,3999.0,4004.0,0.0039994373638614356,電機機械,2066 世德,101.0,102.0,152.5933547669476,-0.06912442396313367,-0.02392344497607668,94706690.0,34187850.0,937690.0,335175.0,0,0,-0.011311881188118655,0.03812252475247546,0.018348762376237726,-0.029126213592232997,4.0
481,2313 華通,2023-07-17,2023-07-24,2023-07-14,2023-07-21,0.012048192771084338,5.0,3999.0,4004.0,-0.08476125678028368,電子零組件業,2313 華通,48.5,44.65,79.28685080346982,0.06126914660831506,-0.007777777777777883,2584830780.0,387018207.65,53295480.0,8667821.0,0,0,-0.0806933247422682,0.0,0.0,-0.0806933247422682,0.0
482,2330 台積電,2023-07-17,2023-07-24,2023-07-14,2023-07-21,0.012048192771084338,5.0,3999.0,4004.0,-0.061354960171319806,半導體業,2330 台積電,591.0,558.0,1241.6390613608203,0.0,-0.0035714285714286698,8458246023.0,15432508350.0,14311753.0,27656825.0,0,0,-0.05718299492385781,0.0,0.0,-0.05718299492385781,0.0
483,2354 鴻準,2023-07-17,2023-07-24,2023-07-14,2023-07-21,0.012048192771084338,5.0,3999.0,4004.0,-0.04408047536057691,其他電子業,2354 鴻準,57.2,55.0,206.76603292477648,0.017793594306049876,0.012891344383057168,435542364.40000004,169018630.0,7614377.0,3073066.0,0,0,-0.052052054195804276,0.002066520979020936,0.002066520979020936,-0.05400696864111498,1.0
484,2379 瑞昱,2023-07-17,2023-07-24,2023-07-14,2023-07-21,0.012048192771084338,5.0,3999.0,4004.0,-0.010711044708537343,半導體業,2379 瑞昱,408.5,406.5,612.9262314913648,0.001225490196078427,-0.02048192771084345,764823112.0,1421659360.5,1872272.0,3497317.0,0,0,-0.0063139840881273335,0.020575428396572892,0.020575428396572892,-0.026347305389221698,4.0
485,2393 億光,2023-07-17,2023-07-24,2023-07-14,2023-07-21,0.012048192771084338,5.0,3999.0,4004.0,-0.042998939114391344,光電業,2393 億光,54.2,52.1,150.54484897936345,0.007434944237918462,-0.011385199240986799,77326327.0,101484860.60000001,1426685.0,1947886.0,0,0,-0.03874538745387468,0.0,0.0,-0.03874538745387468,0.0
486,2395 研華,2023-07-17,2023-07-24,2023-07-14,2023-07-21,0.012048192771084338,5.0,3999.0,4004.0,-0.013244361662531068,電腦及週邊設備業,2395 研華,403.0,400.0,1477.5983043424817,0.007500000000000062,-0.006211180124223725,814213140.0,448594800.0,2020380.0,1121487.0,0,0,-0.017531048387096626,0.0,0.0,-0.017531048387096626,0.0
487,2441 超豐,2023-07-17,2023-07-24,2023-07-14,2023-07-21,0.012048192771084338,5.0,3999.0,4004.0,-0.023481951410282087,半導體業,2441 超豐,62.0,60.9,253.99619389110137,0.05084745762711851,0.0032948929159801743,217429722.0,96304093.2,3506931.0,1581348.0,0,0,-0.03846891129032237,0.0,0.0,-0.03846891129032237,0.0
488,2458 義隆,2023-07-17,2023-07-24,2023-07-14,2023-07-21,0.012048192771084338,5.0,3999.0,4004.0,0.07285707762557081,半導體業,2458 義隆,109.5,118.0,200.19960014088207,-0.009049773755656076,0.021645021645021467,193396162.5,749547092.0,1766175.0,6352094.0,0,0,0.0,0.08219178082191791,0.0,-0.03375527426160341,5.0
489,2471 資通,2023-07-17,2023-07-24,2023-07-14,2023-07-21,0.012048192771084338,5.0,3999.0,4004.0,-0.07440619821120698,資訊服務業,2471 資通,58.0,51.3,138.48024688366522,-0.008547008547008517,-0.020992366412213692,50437206.0,65633527.8,869607.0,1279406.0,0,0,-0.07029224137931045,0.0,0.0,-0.07029224137931045,0.0
490,2884 玉山金,2023-07-17,2023-07-24,2023-07-14,2023-07-21,0.012048192771084338,5.0,3999.0,4004.0,-0.00897566162570873,金融保險業,2884 玉山金,26.45,26.25,102.31372393852597,0.005703422053231932,-0.007561436672967825,618807906.8,485221196.25,23395384.0,18484617.0,0,0,-0.00897566162570873,0.004237996219282003,0.004237996219282003,-0.013157894736842257,1.0
491,2885 元大金,2023-07-17,2023-07-24,2023-07-14,2023-07-21,0.012048192771084338,5.0,3999.0,4004.0,0.004829123173277772,金融保險業,2885 元大金,23.95,24.1,54.623660195367115,0.008421052631578885,-0.01229508196721285,483057656.9,386389034.0,20169422.0,16032740.0,0,0,-0.0014250000000000096,0.019422077244258817,0.0,-0.014314928425357754,5.0
492,2886 兆豐金,2023-07-17,2023-07-24,2023-07-14,2023-07-21,0.012048192771084338,5.0,3999.0,4004.0,-0.0032880226381744038,金融保險業,2886 兆豐金,38.9,39.0,97.48443430533933,0.0,-0.008894536213468807,724242728.5,786573021.0,18618065.0,20168539.0,0,0,-0.0027085154241641707,0.010126638817480993,0.008843123393316388,-0.011450381679389166,4.0
493,2890 永豐金,2023-07-17,2023-07-24,2023-07-14,2023-07-21,0.012048192771084338,5.0,3999.0,4004.0,-0.0030744567548747215,金融保險業,2890 永豐金,17.95,18.0,46.57306286990628,0.011267605633802802,-0.0055248618784530246,424926562.55,579411720.0,23672789.0,32189540.0,0,0,-0.0014250000000000096,0.006919637883008312,0.0,-0.0055248618784530246,5.0
494,2892 第一金,2023-07-17,2023-07-24,2023-07-14,2023-07-21,0.012048192771084338,5.0,3999.0,4004.0,-0.012881969105088431,金融保險業,2892 第一金,28.25,28.05,95.52738274342887,0.003552397868561208,-0.005319148936170137,498892344.5,271562933.40000004,17659906.0,9681388.0,0,0,-0.008494557522123802,0.0003423893805309941,0.0003423893805309941,-0.00883392226148405,2.0
495,3014 聯陽,2023-07-17,2023-07-24,2023-07-14,2023-07-21,0.012048192771084338,5.0,3999.0,4004.0,0.02587978515625,半導體業,3014 聯陽,128.0,131.5,311.03923845372384,0.032258064516129004,-0.007547169811320642,773995392.0,396239219.0,6046839.0,3013226.0,0,0,-0.00922636718750014,0.03368115234374991,0.0,-0.00922636718750014,3.0
496,3024 憶聲,2023-07-17,2023-07-24,2023-07-14,2023-07-21,0.012048192771084338,5.0,3999.0,4004.0,0.05223953635358569,光電業,3024 憶聲,16.55,17.3,26.514121097944294,0.021604938271605034,-0.019830028328611693,98409394.85000001,97557450.7,5946187.0,5639159.0,0,0,-0.02555974320241705,0.07829909294528781,0.0,-0.02555974320241705,3.0
497,3033 威健,2023-07-17,2023-07-24,2023-07-14,2023-07-21,0.012048192771084338,5.0,3999.0,4004.0,-0.05427110960757797,電子通路業,3033 威健,36.95,35.1,183.32696176044027,0.030683403068340498,0.0042918454935620964,447218006.55,112427300.7,12103329.0,3203057.0,0,0,-0.05548037889039259,0.0,0.0,-0.05548037889039259,0.0
498,3293 鈊象,2023-07-17,2023-07-24,2023-07-14,2023-07-21,0.012048192771084338,5.0,3999.0,4004.0,0.013429125766356798,文化創意業,3293 鈊象,619.0,631.0,3511.51986869088,0.0032414910858995505,-0.015600624024961096,1412928162.0,706453087.0,2282598.0,1119577.0,0,0,-0.0014250000000000096,0.06310327140549243,0.0,-0.04248861911987856,5.0
499,3622 洋華,2023-07-17,2023-07-24,2023-07-14,2023-07-21,0.012048192771084338,5.0,3999.0,4004.0,-0.0921189411915887,光電業,3622 洋華,37.45,34.2,58.34542066422306,0.0013368983957220415,-0.029787234042553123,31457400.8,23589518.400000002,839984.0,689752.0,0,0,-0.08808371161548723,0.0,0.0,-0.08808371161548723,0.0
500,3702 大聯大,2023-07-17,2023-07-24,2023-07-14,2023-07-21,0.012048192771084338,5.0,3999.0,4004.0,-0.03335623931623932,電子通路業,3702 大聯大,58.5,56.8,195.72177506321196,0.0034305317324185847,-0.005253940455341555,273732615.0,868081556.8,4679190.0,15283126.0,0,0,-0.029059829059829068,0.008547008547008517,0.008547008547008517,-0.037288135593220306,1.0
501,4747 強生,2023-07-17,2023-07-24,2023-07-14,2023-07-21,0.012048192771084338,5.0,3999.0,4004.0,-0.045966594602017685,生技醫療業,4747 強生,111.5,107.0,187.63334973274155,0.0,-0.00925925925925919,81827174.0,132452197.0,733876.0,1237871.0,0,0,-0.041726233183856265,0.0567878923766818,0.0567878923766818,-0.09322033898305082,1.0
502,4915 致伸,2023-07-17,2023-07-24,2023-07-14,2023-07-21,0.012048192771084338,5.0,3999.0,4004.0,-0.013598423748050203,電子零組件業,4915 致伸,64.1,63.6,109.54436132007677,0.007861635220125729,-0.01242236024844734,154258893.5,198748410.0,2406535.0,3124975.0,0,0,-0.020119071762870533,0.00636419656786269,0.00636419656786269,-0.02631578947368418,2.0
503,4994 傳奇,2023-07-17,2023-07-24,2023-07-14,2023-07-21,0.012048192771084338,5.0,3999.0,4004.0,-0.09058466845114355,資訊服務業,4994 傳奇,48.1,44.0,258.6850373213854,-0.012320328542094527,-0.024390243902439157,19416671.3,10357380.0,403673.0,235395.0,0,0,-0.08654261954261966,0.0,0.0,-0.08654261954261966,0.0
504,5234 達興,2023-07-17,2023-07-24,2023-07-14,2023-07-21,0.012048192771084338,5.0,3999.0,4004.0,-0.07384787163273643,光電業,5234 達興,153.5,143.0,322.6818301817376,0.06968641114982588,-0.013793103448275779,537637741.0,121010604.0,3502526.0,846228.0,0,0,-0.06973143322475595,0.0,0.0,-0.06973143322475595,0.0
505,5285 界霖,2023-07-17,2023-07-24,2023-07-14,2023-07-21,0.012048192771084338,5.0,3999.0,4004.0,-0.06504903267524798,半導體業,5285 界霖,80.6,75.8,138.03965458920212,-0.01225490196078416,-0.02944942381562088,52763016.8,70558581.6,654628.0,930852.0,0,0,-0.06089348635235714,0.0,0.0,-0.06089348635235714,0.0
506,5388 中磊,2023-07-17,2023-07-24,2023-07-14,2023-07-21,0.012048192771084338,5.0,3999.0,4004.0,-0.04474546285597836,通信網路業,5388 中磊,115.0,110.5,278.2067869721795,-0.017094017094017144,0.018433179723502224,843586525.0,441552143.5,7335535.0,3995947.0,0,0,-0.05786619565217388,0.0,0.0,-0.05786619565217388,0.0
507,5704 老爺知,2023-07-17,2023-07-24,2023-07-14,2023-07-21,0.012048192771084338,5.0,3999.0,4004.0,-0.06194171670665827,觀光餐旅,5704 老爺知,72.2,66.0,87.58026462103972,0.021216407355021172,-0.03367496339677889,171550882.20000002,15185478.0,2376051.0,230083.0,0,0,-0.07887680055401669,0.0,0.0,-0.07887680055401669,0.0
508,5880 合庫金,2023-07-17,2023-07-24,2023-07-14,2023-07-21,0.012048192771084338,5.0,3999.0,4004.0,-0.014579690030755876,金融保險業,5880 合庫金,28.45,28.2,64.45304508536198,0.005300353356890275,-0.001769911504424737,256306533.65,210947674.79999998,9009017.0,7480414.0,0,0,-0.010199824253075751,0.00032996485061498326,0.00032996485061498326,-0.010526315789473717,1.0
509,6125 廣運,2023-07-17,2023-07-24,2023-07-14,2023-07-21,0.012048192771084338,5.0,3999.0,4004.0,0.23375512748426241,光電業,6125 廣運,83.4,103.5,212.12461685814355,0.04380475594493127,0.07365145228215764,275490799.8,5055775555.5,3303247.0,48848073.0,2,0,-0.030160971223021638,0.23923875899280556,0.0,-0.030160971223021638,3.0
510,6147 頎邦,2023-07-17,2023-07-24,2023-07-14,2023-07-21,0.012048192771084338,5.0,3999.0,4004.0,-0.0044282330827066785,半導體業,6147 頎邦,66.5,66.3,161.760561234346,0.018376722817764257,-0.0059970014992503096,279403673.5,125692004.1,4201559.0,1895807.0,0,0,-0.0044282330827066785,0.0030798496240600493,0.0030798496240600493,-0.00748502994011957,4.0
511,6239 力成,2023-07-17,2023-07-24,2023-07-14,2023-07-21,0.012048192771084338,5.0,3999.0,4004.0,-0.00590291479820626,半導體業,6239 力成,111.5,111.0,431.34899222864453,0.0182648401826484,-0.004484304932735439,347918579.0,870827856.0,3120346.0,7845296.0,0,0,-0.01038082959641251,0.003052914798206352,0.003052914798206352,-0.013392857142857206,1.0
512,6257 矽格,2023-07-17,2023-07-24,2023-07-14,2023-07-21,0.012048192771084338,5.0,3999.0,4004.0,-0.02947389518781829,半導體業,6257 矽格,58.9,57.5,198.461412163958,0.010291595197255754,-0.013722126929674006,179603946.7,183821462.5,3049303.0,3196895.0,0,0,-0.02516022920203731,0.0,0.0,-0.02516022920203731,0.0
513,6469 大樹,2023-07-17,2023-07-24,2023-07-14,2023-07-21,0.012048192771084338,5.0,3999.0,4004.0,0.04155648079909069,生技醫療業,6469 大樹,398.5,417.5,1265.9778597801842,-0.025672371638141844,0.022031823745410017,221038784.5,188560952.5,554677.0,451643.0,0,0,-0.0014250000000000096,0.04618585319949853,0.0,-0.0014250000000000096,5.0
514,6488 環球晶,2023-07-17,2023-07-24,2023-07-14,2023-07-21,0.012048192771084338,5.0,3999.0,4004.0,-0.031020494298683032,半導體業,6488 環球晶,530.0,508.0,716.5243452628011,-0.003759398496240629,-0.005870841487279788,1135066020.0,688090572.0,2141634.0,1354509.0,0,0,-0.026713702431944375,0.021184245283018877,0.021184245283018877,-0.046904315196998,1.0
515,6788 華景電,2023-07-17,2023-07-24,2023-07-14,2023-07-21,0.012048192771084338,5.0,3999.0,4004.0,-0.040849198094190076,半導體業,6788 華景電,142.0,137.0,157.4234240488753,0.0,-0.010830324909747335,93319560.0,71019430.0,657180.0,518390.0,0,0,-0.043618309859154936,0.023187764084507068,0.0,-0.0584192439862542,1.0
516,8114 振樺電,2023-07-17,2023-07-24,2023-07-14,2023-07-21,0.012048192771084338,5.0,3999.0,4004.0,-0.018867576108078654,電腦及週邊設備業,8114 振樺電,114.5,113.0,382.92348960376614,-0.01716738197424894,0.0,52524127.0,43444206.0,458726.0,384462.0,0,0,-0.03630971615720513,0.0,0.0,-0.03630971615720513,0.0
517,8213 志超,2023-07-17,2023-07-24,2023-07-14,2023-07-21,0.012048192771084338,5.0,3999.0,4004.0,0.03625730994152021,電子零組件業,8213 志超,42.75,44.3,115.66596739689346,0.017857142857142794,0.0278422273781902,60736421.25,97054832.19999999,1420735.0,2190854.0,0,0,0.0,0.03625730994152021,0.0,-0.0046511627906977715,5.0
518,8234 新漢,2023-07-17,2023-07-24,2023-07-14,2023-07-21,0.012048192771084338,5.0,3999.0,4004.0,0.06479826148396861,電腦及週邊設備業,8234 新漢,57.7,61.8,209.03567838783562,0.03405017921146958,0.0880281690140845,199987219.10000002,398458095.59999996,3465983.0,6447542.0,0,0,-0.017000693240901366,0.06953093587521653,0.05914714038128244,-0.07189542483660138,3.0
519,8410 森田,2023-07-17,2023-07-24,2023-07-14,2023-07-21,0.012048192771084338,5.0,3999.0,4004.0,0.017779821798267648,電腦及週邊設備業,8410 森田,50.5,51.7,92.76266981265718,-0.011741682974559686,0.039195979899497635,5916529.5,15914604.200000001,117159.0,307826.0,0,0,-0.0567915346534652,0.022303514851485406,0.0,-0.0567915346534652,1.0
520,9914 美利達,2023-07-17,2023-07-24,2023-07-14,2023-07-21,0.012048192771084338,5.0,3999.0,4004.0,-0.01036258667329526,運動休閒,9914 美利達,220.0,219.0,527.8225647405532,-0.01565995525727093,0.01388888888888884,95605840.0,129536748.0,434572.0,591492.0,0,0,-0.028658863636363274,0.009922443181818341,0.009922443181818341,-0.03820224719101106,1.0
521,9921 巨大,2023-07-17,2023-07-24,2023-07-14,2023-07-21,0.012048192771084338,5.0,3999.0,4004.0,0.021654245993351084,運動休閒,9921 巨大,235.0,241.5,513.0079456833578,-0.02083333333333326,0.038709677419354716,227476005.0,676974490.5,967983.0,2803207.0,0,0,-0.02904515957446807,0.026195159574468052,0.0,-0.02904515957446807,1.0
522,9940 信義,2023-07-17,2023-07-24,2023-07-14,2023-07-21,0.012048192771084338,5.0,3999.0,4004.0,-0.03312757240244435,其他,9940 信義,29.15,28.35,287.18885197182874,-0.011864406779660941,-0.0052631578947368585,5975400.199999999,6106590.0,204988.0,215400.0,0,0,-0.03054296740994855,0.0,0.0,-0.03054296740994855,0.0
523,3014 聯陽,2023-07-24,2023-07-31,2023-07-21,2023-07-28,0.017857142857142856,5.0,4004.0,4009.0,0.16970598859315578,半導體業,3014 聯陽,131.5,154.5,319.54421763019286,-0.007547169811320642,-0.022151898734177222,396239219.0,1405749150.0,3013226.0,9098700.0,0,0,-0.015209125475285301,0.20152091254752835,0.0,-0.02215189873417711,4.0
524,0056 元大高股息,2023-07-24,2023-07-31,2023-07-21,2023-07-28,0.017857142857142856,5.0,4004.0,4009.0,-0.006946373992776089,domestic_etf,0056 元大高股息,35.99,35.74,79.67722607294279,0.02070334656834949,-0.02296336796063414,5360734649.29,3474780792.1400003,148950671.0,97223861.0,0,0,-0.006946373992776089,0.016393442622950394,0.016393442622950394,-0.02296336796063414,4.0
525,00632R 元大台灣50反1,2023-07-24,2023-07-31,2023-07-21,2023-07-28,0.017857142857142856,5.0,4004.0,4009.0,-0.012109385376838255,leveraged_etf,00632R 元大台灣50反1,4.76,4.73,4.76,0.0,0.010683760683760868,404138717.91999996,884840272.2500001,84903092.0,187069825.0,0,0,-0.01820777310924382,0.0,0.0,-0.01820777310924382,0.0
526,00642U 期元大S&P石油,2023-07-24,2023-07-31,2023-07-21,2023-07-28,0.017857142857142856,5.0,4004.0,4009.0,0.04422604422604404,vanilla_futures_etf,00642U 期元大S&P石油,16.28,17.0,16.28,0.009299442033478211,0.007109004739336511,81670687.56,61873234.0,5016627.0,3639602.0,0,0,0.0,0.04422604422604404,0.0,0.0,5.0
527,00676R 富邦臺灣加權反1,2023-07-24,2023-07-31,2023-07-21,2023-07-28,0.017857142857142856,5.0,4004.0,4009.0,-0.01591960287795602,leveraged_etf,00676R 富邦臺灣加權反1,2.96,2.93,2.96,-0.0033670033670034627,0.0068728522336769515,4240868.96,27536872.5,1432726.0,9398250.0,0,0,-0.018292820945945865,0.0,0.0,-0.018292820945945865,0.0
528,00701 國泰股利精選30,2023-07-24,2023-07-31,2023-07-21,2023-07-28,0.017857142857142856,5.0,4004.0,4009.0,-0.0022371364653240855,domestic_etf,00701 國泰股利精選30,26.82,26.76,34.16639976875892,0.010550113036925435,-0.017981651376146823,102439687.32000001,73175380.56,3819526.0,2734506.0,0,0,-0.0022371364653240855,0.01640566741237892,0.01640566741237892,-0.018341892883345312,4.0
529,00731 復華富時高息低波,2023-07-24,2023-07-31,2023-07-21,2023-07-28,0.017857142857142856,5.0,4004.0,4009.0,0.0,domestic_etf,00731 復華富時高息低波,69.7,69.7,90.58546527471535,0.015294974508375692,-0.02037947997189049,52574013.0,69809359.3,754290.0,1001569.0,0,0,0.0,0.020803443328551108,0.0,-0.02037947997189049,4.0
530,00878 國泰永續高股息,2023-07-24,2023-07-31,2023-07-21,2023-07-28,0.017857142857142856,5.0,4004.0,4009.0,-0.01657164482602802,domestic_etf,00878 國泰永續高股息,22.13,21.86,25.852205273874983,0.02406293382693181,-0.02628062360801775,5491272341.12,5547860286.28,248137024.0,253790498.0,0,0,-0.012200632625395391,0.01446000903750555,0.01446000903750555,-0.02628062360801775,4.0
531,00881 國泰台灣科技龍頭,2023-07-24,2023-07-31,2023-07-21,2023-07-28,0.017857142857142856,5.0,4004.0,4009.0,-0.0022371364653245296,domestic_etf,00881 國泰台灣科技龍頭,17.88,17.84,19.848811834392848,0.013031161473088027,-0.012181616832779518,290693004.24,437314720.88,16257998.0,24513157.0,0,0,-0.0022371364653245296,0.01006711409395944,0.01006711409395944,-0.012181616832779518,4.0
532,00885 富邦越南,2023-07-24,2023-07-31,2023-07-21,2023-07-28,0.017857142857142856,5.0,4004.0,4009.0,0.022086285357820756,foreign_etf,00885 富邦越南,13.17,13.54,13.17,0.026500389711613392,0.018811136192625977,261052592.37,234647834.42,19821761.0,17329973.0,0,0,-0.006732536066818562,0.026629119210326513,0.0,-0.006732536066818562,2.0
533,00896 中信綠能及電動車,2023-07-24,2023-07-31,2023-07-21,2023-07-28,0.017857142857142856,5.0,4004.0,4009.0,0.0005899705014749124,domestic_etf,00896 中信綠能及電動車,16.95,16.96,17.8235762261785,0.003552397868561208,-0.016241299303944134,58894300.5,54981301.120000005,3474590.0,3241822.0,0,0,0.0,0.01710914454277268,0.0,-0.016241299303944134,5.0
534,00898 國泰基因免疫革命,2023-07-24,2023-07-31,2023-07-21,2023-07-28,0.017857142857142856,5.0,4004.0,4009.0,-0.007566204287515643,foreign_etf,00898 國泰基因免疫革命,7.93,7.87,7.93,0.015364916773367598,0.00768245838668391,15808875.29,6659735.66,1993553.0,846218.0,0,0,-0.01513240857503162,0.0,0.0,-0.01513240857503162,0.0
535,00900 富邦特選高股息30,2023-07-24,2023-07-31,2023-07-21,2023-07-28,0.017857142857142856,5.0,4004.0,4009.0,0.013392857142857206,domestic_etf,00900 富邦特選高股息30,13.44,13.62,15.267885603116785,0.007496251874062887,-0.003657644476956934,200537998.07999998,425269422.65999997,14920982.0,31223893.0,0,0,-0.0007440476190475609,0.017113095238095344,0.0022321428571430157,-0.003657644476956934,4.0
536,00901 永豐智能車供應鏈,2023-07-24,2023-07-31,2023-07-21,2023-07-28,0.017857142857142856,5.0,4004.0,4009.0,0.002009377093101339,domestic_etf,00901 永豐智能車供應鏈,14.93,14.96,15.610887230514093,0.006064690026954089,-0.011889035667106973,15155248.91,33531852.64,1015087.0,2241434.0,0,0,0.0,0.01406563965170804,0.0,-0.011889035667106862,5.0
537,00902 中信電池及儲能,2023-07-24,2023-07-31,2023-07-21,2023-07-28,0.017857142857142856,5.0,4004.0,4009.0,0.005615709852598849,foreign_etf,00902 中信電池及儲能,12.89,13.02,12.89,0.00781860828772496,0.018779342723004744,63145931.59,94135693.67999999,4898831.0,7230084.0,0,0,-0.009309542280838023,0.031807602792862655,0.031807602792862655,-0.03984962406015047,3.0
538,00915 凱基優選高股息30,2023-07-24,2023-07-31,2023-07-21,2023-07-28,0.017857142857142856,5.0,4004.0,4009.0,0.021038553159478113,domestic_etf,00915 凱基優選高股息30,19.94,20.45,20.559387974780872,0.01424211597151559,-0.007281553398058471,25257320.040000003,47910341.8,1266666.0,2342804.0,0,0,0.0,0.033099297893681046,0.0,-0.007281553398058582,5.0
539,00917 中信特選金融,2023-07-24,2023-07-31,2023-07-21,2023-07-28,0.017857142857142856,5.0,4004.0,4009.0,0.005467800729040295,foreign_etf,00917 中信特選金融,16.46,16.55,16.46,0.0030469226081657474,0.0036385688295939023,18496595.8,21890718.1,1123730.0,1322702.0,0,0,0.0,0.008505467800729027,0.0,-0.0066265060240964235,5.0
540,1108 幸福,2023-07-24,2023-07-31,2023-07-21,2023-07-28,0.017857142857142856,5.0,4004.0,4009.0,0.07272184953457494,水泥工業,1108 幸福,16.45,17.75,27.438469026743,-0.009036144578313365,0.023054755043227626,8237403.3,41513682.25,500754.0,2338799.0,0,0,-0.0014250000000000096,0.07748974164133782,0.0,-0.00857142857142823,5.0
541,1210 大成,2023-07-24,2023-07-31,2023-07-21,2023-07-28,0.017857142857142856,5.0,4004.0,4009.0,0.012114999999999654,食品工業,1210 大成,59.0,59.8,253.32594604197382,0.0,0.006734006734006703,328872372.0,545084953.4,5574108.0,9115133.0,0,0,-0.016657499999999992,0.012114999999999654,0.0,-0.016657499999999992,3.0
542,1217 愛之味,2023-07-24,2023-07-31,2023-07-21,2023-07-28,0.017857142857142856,5.0,4004.0,4009.0,0.03125169016324647,食品工業,1217 愛之味,13.4,13.9,14.48320238594707,0.026819923371647292,-0.0071428571428571175,237105120.8,96889866.60000001,17694412.0,6970494.0,0,0,-0.0014250000000000096,0.054465391791044926,0.0,-0.017667844522968212,5.0
543,1310 台苯,2023-07-24,2023-07-31,2023-07-21,2023-07-28,0.017857142857142856,5.0,4004.0,4009.0,0.06688143322475582,塑膠工業,1310 台苯,15.35,16.4,27.86732781650452,-0.019169329073482344,0.01863354037267073,17002059.099999998,24549077.999999996,1107626.0,1496895.0,0,0,-0.0014250000000000096,0.06688143322475582,0.0,-0.0014250000000000096,4.0
544,1432 大魯閣,2023-07-24,2023-07-31,2023-07-21,2023-07-28,0.017857142857142856,5.0,4004.0,4009.0,0.002851550280612125,運動休閒,1432 大魯閣,17.15,17.3,13.172228777880209,-0.02279202279202286,-0.005747126436781547,7576681.35,4058597.3000000003,441789.0,234601.0,0,0,-0.0014250000000000096,0.016042784256559584,0.0,-0.00859598853868182,5.0
545,1442 名軒,2023-07-24,2023-07-31,2023-07-21,2023-07-28,0.017857142857142856,5.0,4004.0,4009.0,0.11450863003096012,建材營造,1442 名軒,32.3,36.05,106.60753251934835,0.009374999999999911,0.01406469760900153,30050886.4,52502246.65,930368.0,1456373.0,0,0,-0.0014250000000000096,0.11450863003096012,0.0,-0.009957325746799417,5.0
546,1467 南緯,2023-07-24,2023-07-31,2023-07-21,2023-07-28,0.017857142857142856,5.0,4004.0,4009.0,-0.009820319597500071,紡織纖維,1467 南緯,12.5,12.45,18.226008646194952,-0.007936507936507797,0.0,93252300.0,53410350.599999994,7460184.0,4289988.0,0,0,-0.005419300000000016,0.0,0.0,-0.005419300000000016,0.0
547,1476 儒鴻,2023-07-24,2023-07-31,2023-07-21,2023-07-28,0.017857142857142856,5.0,4004.0,4009.0,0.011640467289719458,紡織纖維,1476 儒鴻,535.0,542.0,1480.3729400048023,0.02294455066921608,-0.009140767824497353,564628835.0,339269236.0,1055381.0,625958.0,0,0,-0.0014250000000000096,0.035904906542056025,0.0,-0.023423423423423517,5.0
548,1612 宏泰,2023-07-24,2023-07-31,2023-07-21,2023-07-28,0.017857142857142856,5.0,4004.0,4009.0,-0.0001410769431167136,電器電纜,1612 宏泰,26.15,26.3,65.07539162788548,-0.02425373134328379,-0.013133208255159512,58538762.4,74973515.2,2238576.0,2850704.0,0,0,-0.0014250000000000096,0.06921988527724676,0.0,-0.06071428571428583,5.0
549,2031 新光鋼,2023-07-24,2023-07-31,2023-07-21,2023-07-28,0.017857142857142856,5.0,4004.0,4009.0,0.058402478213507525,鋼鐵工業,2031 新光鋼,45.9,48.65,118.46016382044238,0.003278688524590123,0.016718913270637348,79956927.89999999,200264319.5,1741981.0,4116430.0,0,0,-0.0014250000000000096,0.058402478213507525,0.0,-0.0014250000000000096,5.0
550,2356 英業達,2023-07-24,2023-07-31,2023-07-21,2023-07-28,0.017857142857142856,5.0,4004.0,4009.0,-0.09388564814814826,電腦及週邊設備業,2356 英業達,70.2,63.7,274.00588425747645,0.047761194029850795,-0.0886981402002861,3988037640.6000004,2939988715.3,56809653.0,46153669.0,2,2,-0.09388564814814826,0.024179487179487147,0.024179487179487147,-0.11527777777777781,1.0
551,2371 大同,2023-07-24,2023-07-31,2023-07-21,2023-07-28,0.017857142857142856,5.0,4004.0,4009.0,-0.035083585716911725,電機機械,2371 大同,51.0,49.5,21.515625,-0.03409090909090906,0.019567456230690006,1424481765.0,1692216949.5,27931015.0,34186201.0,0,0,-0.049395759803921524,0.004448970588235346,0.004448970588235346,-0.0536062378167641,1.0
552,2404 漢唐,2023-07-24,2023-07-31,2023-07-21,2023-07-28,0.017857142857142856,5.0,4004.0,4009.0,0.036168411764705644,其他電子業,2404 漢唐,212.5,220.5,765.3280120269982,-0.007009345794392496,0.02083333333333326,284299925.0,540814396.5,1337882.0,2452673.0,0,0,-0.008473764705882347,0.036168411764705644,0.0,-0.008473764705882347,3.0
553,2465 麗臺,2023-07-24,2023-07-31,2023-07-21,2023-07-28,0.017857142857142856,5.0,4004.0,4009.0,-0.0177260406573706,電腦及週邊設備業,2465 麗臺,37.65,37.2,11.994840388736206,-0.024611398963730657,-0.002680965147452974,30366381.599999998,19810450.8,806544.0,532539.0,0,0,-0.013360159362549862,0.07549047144754306,0.07549047144754306,-0.08261405672009858,3.0
554,2636 台驊,2023-07-24,2023-07-31,2023-07-21,2023-07-28,0.017857142857142856,5.0,4004.0,4009.0,0.019575074802911763,航運業,2636 台驊,70.4,72.2,231.3191857091826,-0.009845288326300938,-0.002762430939226568,19784864.0,24762073.0,281035.0,342965.0,0,0,-0.0014250000000000096,0.026943607954545312,0.0,-0.0027624309392264568,5.0
555,2809 京城銀,2023-07-24,2023-07-31,2023-07-21,2023-07-28,0.017857142857142856,5.0,4004.0,4009.0,-0.0044610013212795785,金融保險業,2809 京城銀,35.95,36.0,60.16973333342086,-0.009641873278236734,-0.0027700831024930483,69428797.0,80134704.0,1931260.0,2225964.0,0,0,-0.0055915159944369686,0.0027415159944366163,0.0,-0.0055915159944369686,2.0
556,2834 臺企銀,2023-07-24,2023-07-31,2023-07-21,2023-07-28,0.017857142857142856,5.0,4004.0,4009.0,0.01530856744680853,金融保險業,2834 臺企銀,14.1,14.4,27.683701417650596,-0.010526315789473828,-0.0034602076124566894,236716031.1,356910609.6,16788371.0,24785459.0,0,0,-0.0014250000000000096,0.026903368794326088,0.0,-0.006896551724137834,5.0
557,2884 玉山金,2023-07-24,2023-07-31,2023-07-21,2023-07-28,0.017857142857142856,5.0,4004.0,4009.0,0.024104526485788202,金融保險業,2884 玉山金,26.25,25.85,101.54008519418929,-0.007561436672967825,-0.0038535645472059787,485221196.25,513724779.15000004,18484617.0,19873299.0,0,0,0.0,0.03462532299741605,0.0,-0.005769230769230638,5.0
558,2885 元大金,2023-07-24,2023-07-31,2023-07-21,2023-07-28,0.017857142857142856,5.0,4004.0,4009.0,0.00796804979253074,金融保險業,2885 元大金,24.1,24.4,54.965770802018696,-0.01229508196721285,0.0,386389034.0,477771764.0,16032740.0,19580810.0,0,0,0.0,0.024896265560165665,0.0,-0.012145748987854255,5.0
559,2891 中信金,2023-07-24,2023-07-31,2023-07-21,2023-07-28,0.017857142857142856,5.0,4004.0,4009.0,-0.0001301523886492184,金融保險業,2891 中信金,26.1,26.25,86.04699695662734,-0.013232514177693777,-0.00379506641366234,1024168019.4000001,1437415297.5,39240154.0,54758678.0,0,0,-0.0014250000000000096,0.017704789272030785,0.0,-0.013157894736842035,5.0
560,3322 建舜電,2023-07-24,2023-07-31,2023-07-21,2023-07-28,0.017857142857142856,5.0,4004.0,4009.0,0.05853562355658237,電子零組件業,3322 建舜電,21.65,22.95,26.556155665201185,-0.009153318077803396,0.0,31515060.65,54421243.199999996,1455661.0,2371296.0,0,0,-0.0014250000000000096,0.05853562355658237,0.0,-0.0014250000000000096,5.0
561,3591 艾笛森,2023-07-24,2023-07-31,2023-07-21,2023-07-28,0.017857142857142856,5.0,4004.0,4009.0,0.043864120906250026,光電業,3591 艾笛森,26.0,27.3,41.870242333540816,-0.011406844106463865,0.0622568093385214,33142486.0,156989250.6,1274711.0,5750522.0,0,0,-0.012947019230769241,0.04850375000000007,0.021619038461538675,-0.03383458646616566,3.0
562,4126 太醫,2023-07-24,2023-07-31,2023-07-21,2023-07-28,0.017857142857142856,5.0,4004.0,4009.0,-0.04717623224562373,生技醫療業,4126 太醫,91.4,87.6,232.53876544267473,-0.009750812567713818,0.0034364261168384758,75260131.0,28594742.4,823415.0,326424.0,0,0,-0.04621884573304169,0.0,0.0,-0.04621884573304169,0.0
563,4129 聯合,2023-07-24,2023-07-31,2023-07-21,2023-07-28,0.017857142857142856,5.0,4004.0,4009.0,-0.05002841906944422,生技醫療業,4129 聯合,76.5,73.1,101.25611883153361,0.043656207366985056,-0.020107238605898026,350629029.0,87277598.8,4583386.0,1193948.0,0,0,-0.04580611111111088,0.042956111111111195,0.042956111111111195,-0.0851063829787233,1.0
564,5203 訊連,2023-07-24,2023-07-31,2023-07-21,2023-07-28,0.017857142857142856,5.0,4004.0,4009.0,0.052097930799463565,資訊服務業,5203 訊連,97.8,103.5,245.54166315758613,-0.0316831683168316,0.04863221884498481,64831033.199999996,345156457.5,662894.0,3334845.0,0,0,-0.0014250000000000096,0.08740529141104325,0.0,-0.07323943661971821,5.0
565,5533 皇鼎,2023-07-24,2023-07-31,2023-07-21,2023-07-28,0.017857142857142856,5.0,4004.0,4009.0,-0.0031274203159151748,建材營造,5533 皇鼎,18.3,18.35,62.092728690948164,0.0,-0.0027173913043476716,6192042.9,4124676.3000000003,338363.0,224778.0,0,0,-0.006881693989071125,0.004031693989070995,0.0,-0.006881693989071125,3.0
566,6005 群益證,2023-07-24,2023-07-31,2023-07-21,2023-07-28,0.017857142857142856,5.0,4004.0,4009.0,0.05478617549668874,金融保險業,6005 群益證,15.1,15.95,41.27110262295936,0.006666666666666599,0.0,136114072.7,128939895.69999999,9014177.0,8084006.0,0,0,-0.0014250000000000096,0.05478617549668874,0.0,-0.0014250000000000096,5.0
567,6016 康和證,2023-07-24,2023-07-31,2023-07-21,2023-07-28,0.017857142857142856,5.0,4004.0,4009.0,0.013398040572580427,金融業,6016 康和證,15.5,15.8,26.535710995091463,-0.003215434083601365,-0.015576323987539054,75005864.0,141007084.20000002,4839088.0,8924499.0,0,0,-0.0014250000000000096,0.04367193548387083,0.0,-0.024691358024691468,5.0
568,6147 頎邦,2023-07-24,2023-07-31,2023-07-21,2023-07-28,0.017857142857142856,5.0,4004.0,4009.0,0.046757164404223284,半導體業,6147 頎邦,66.3,69.4,161.27406330582164,-0.0059970014992503096,0.0,125692004.1,445140552.6,1895807.0,6414129.0,0,0,-0.00301659125188547,0.046757164404223284,0.0,-0.00301659125188547,4.0
569,6202 盛群,2023-07-24,2023-07-31,2023-07-21,2023-07-28,0.017857142857142856,5.0,4004.0,4009.0,-0.021377386650390684,半導體業,6202 盛群,70.4,69.3,230.77135062346937,-0.018131101813110173,-0.007163323782234943,87220953.60000001,58489269.3,1238934.0,844001.0,0,0,-0.02695674715909102,0.0,0.0,-0.02695674715909102,0.0
570,6239 力成,2023-07-24,2023-07-31,2023-07-21,2023-07-28,0.017857142857142856,5.0,4004.0,4009.0,-0.0045045045045044585,半導體業,6239 力成,111.0,110.5,429.4146918150632,-0.004484304932735439,-0.008968609865470767,870827856.0,1077479201.5,7845296.0,9750943.0,0,0,-0.009009009009008917,0.0045045045045044585,0.0,-0.009009009009008917,2.0
571,6283 淳安,2023-07-24,2023-07-31,2023-07-21,2023-07-28,0.017857142857142856,5.0,4004.0,4009.0,0.050965237374999806,其他電子業,6283 淳安,31.5,33.3,22.7720357881556,0.0015898251192367763,-0.004484304932735661,8371251.0,19048232.7,265754.0,572019.0,0,0,-0.0014250000000000096,0.06673170634920633,0.0,-0.010401188707281017,5.0
572,6550 北極星藥業-KY,2023-07-24,2023-07-31,2023-07-21,2023-07-28,0.017857142857142856,5.0,4004.0,4009.0,-0.028489623888097948,生技醫療業,6550 北極星藥業-KY,87.8,85.8,87.8,0.008036739380022917,0.0035087719298245723,262445087.2,139662580.2,2989124.0,1627769.0,0,0,-0.027583570615034136,0.005398974943052526,0.005398974943052526,-0.0328054298642535,1.0
573,8112 至上,2023-07-24,2023-07-31,2023-07-21,2023-07-28,0.017857142857142856,5.0,4004.0,4009.0,-0.01096293384783753,電子通路業,8112 至上,48.55,48.3,141.96312693670097,0.0030991735537191367,-0.015290519877675823,198581928.79999998,261475769.1,4090256.0,5413577.0,0,0,-0.00656699279093742,0.025313362512873194,0.025313362512873194,-0.031093279839518706,4.0
574,8213 志超,2023-07-24,2023-07-31,2023-07-21,2023-07-28,0.017857142857142856,5.0,4004.0,4009.0,-0.020316027088036148,電子零組件業,8213 志超,44.3,43.4,119.85970422648843,0.0278422273781902,-0.03124999999999989,97054832.19999999,85095899.0,2190854.0,1960735.0,0,0,-0.020316027088036148,0.014672686230248422,0.014672686230248422,-0.034482758620689835,4.0
575,8932 智通*,2023-07-24,2023-07-31,2023-07-21,2023-07-28,0.017857142857142856,5.0,4004.0,4009.0,0.005716262667151639,其他,8932 智通*,68.8,69.6,71.88059701492536,0.002915451895043608,0.0043290043290042934,72345539.2,36144463.199999996,1051534.0,519317.0,0,0,-0.004327834302325528,0.02324909156976762,0.02324909156976762,-0.026950354609929228,4.0
576,9103 美德醫療-DR,2023-07-24,2023-07-31,2023-07-21,2023-07-28,0.017857142857142856,5.0,4004.0,4009.0,-0.005843694375000097,存託憑證,9103 美德醫療-DR,6.06,6.06,28.666979076897725,-0.016233766233766267,-0.006557377049180357,2443646.52,1966942.68,403242.0,324578.0,0,0,-0.008016254125412514,0.006814067656765843,0.0,-0.008183306055646766,3.0
577,9951 皇田,2023-07-24,2023-07-31,2023-07-21,2023-07-28,0.017857142857142856,5.0,4004.0,4009.0,-0.003358303610937474,電機機械,9951 皇田,80.0,80.2,172.65032079184186,-0.01599015990159902,-0.008652657601977753,53936320.0,33959005.800000004,674204.0,423429.0,0,0,-0.007666093749999936,0.009808968750000036,0.003567875000000109,-0.011194029850746356,3.0
578,9958 世紀鋼,2023-07-24,2023-07-31,2023-07-21,2023-07-28,0.017857142857142856,5.0,4004.0,4009.0,0.01117531545741346,鋼鐵工業,9958 世紀鋼,158.5,160.5,244.74592764322287,0.06020066889632103,-0.030211480362537735,3059359709.0,1048805547.0,19301954.0,6534614.0,0,0,-0.0014250000000000096,0.042676104100946466,0.0,-0.030211480362537624,5.0
579,2426 鼎元,2023-07-31,2023-08-07,2023-07-28,2023-08-04,0.014285714285714287,4.0,4009.0,4013.0,-0.11630550611111135,光電業,2426 鼎元,21.6,19.2,31.20564752091185,0.0992366412213741,-0.0025974025974027093,297989582.40000004,13431148.799999999,13795814.0,699539.0,0,0,-0.11237777777777802,0.0,0.0,-0.11237777777777802,0.0
580,6442 光聖,2023-07-31,2023-08-07,2023-07-28,2023-08-04,0.014285714285714287,4.0,4009.0,4013.0,-0.050117861831983745,通信網路業,6442 光聖,74.1,70.8,109.93395626517726,-0.030104712041884807,0.09937888198757738,82933831.5,57330370.8,1119215.0,809751.0,2,0,-0.1321426450742238,0.0,0.0,-0.1321426450742238,0.0
581,0056 元大高股息,2023-07-31,2023-08-07,2023-07-28,2023-08-04,0.014285714285714287,4.0,4009.0,4013.0,-0.0011191941801901306,domestic_etf,0056 元大高股息,35.74,35.7,79.12375826193318,-0.02296336796063414,0.02763385146804831,3474780792.1400003,1511910850.8000002,97223861.0,42350444.0,0,0,-0.034415221040850597,0.0,0.0,-0.034415221040850597,0.0
582,00642U 期元大S&P石油,2023-07-31,2023-08-07,2023-07-28,2023-08-04,0.014285714285714287,4.0,4009.0,4013.0,0.03294117647058803,vanilla_futures_etf,00642U 期元大S&P石油,17.0,17.56,17.0,0.007109004739336511,0.012687427912341231,61873234.0,45300322.199999996,3639602.0,2579745.0,0,0,0.0,0.03294117647058803,0.0,-0.004020677771395809,4.0
583,00701 國泰股利精選30,2023-07-31,2023-08-07,2023-07-28,2023-08-04,0.014285714285714287,4.0,4009.0,4013.0,-0.0059131539611361195,domestic_etf,00701 國泰股利精選30,26.76,26.72,34.08996486994738,-0.017981651376146823,0.017129805862200254,73175380.56,74839941.11999999,2734506.0,2800896.0,0,0,-0.022795216741405167,0.004110612855007467,0.004110612855007467,-0.02679568291775225,1.0
584,00731 復華富時高息低波,2023-07-31,2023-08-07,2023-07-28,2023-08-04,0.014285714285714287,4.0,4009.0,4013.0,-0.01228104375896688,domestic_etf,00731 復華富時高息低波,69.7,69.15,90.58546527471535,-0.02037947997189049,0.021418020679468297,69809359.3,44979309.0,1001569.0,650460.0,0,0,-0.032281205164992666,0.0007173601147776321,0.0007173601147776321,-0.03297491039426503,1.0
585,00752 中信中國50,2023-07-31,2023-08-07,2023-07-28,2023-08-04,0.014285714285714287,4.0,4009.0,4013.0,-0.026252821979114493,foreign_etf,00752 中信中國50,20.11,19.61,20.11,0.031811185223191485,-0.01009591115598174,226743970.35,119800529.55,11275185.0,6109155.0,0,0,-0.028735604177026253,0.0,0.0,-0.028735604177026253,0.0
586,00861 元大全球未來通訊,2023-07-31,2023-08-07,2023-07-28,2023-08-04,0.014285714285714287,4.0,4009.0,4013.0,-0.02020794017884653,foreign_etf,00861 元大全球未來通訊,32.43,31.82,32.43,0.0034034653465346842,-0.002195045468799006,40360464.63,2541686.14,1244541.0,79877.0,0,0,-0.02020794017884653,0.006580843354918375,0.006580843354918375,-0.026613643315998692,2.0
587,00876 元大全球5G,2023-07-31,2023-08-07,2023-07-28,2023-08-04,0.014285714285714287,4.0,4009.0,4013.0,-0.023049042647301787,foreign_etf,00876 元大全球5G,31.78,31.23,31.78,0.004424778761062065,0.008720930232558155,16796778.740000002,45597986.1,528533.0,1460070.0,0,0,-0.0271906230333544,0.009886736941472574,0.009886736941472574,-0.03671437461107663,1.0
588,00881 國泰台灣科技龍頭,2023-07-31,2023-08-07,2023-07-28,2023-08-04,0.014285714285714287,4.0,4009.0,4013.0,-0.008889461883408,domestic_etf,00881 國泰台灣科技龍頭,17.84,17.76,19.804407333644765,-0.012181616832779518,0.0183486238532109,437314720.88,154157315.04000002,24513157.0,8680029.0,0,0,-0.022421524663676973,0.004484304932735439,0.004484304932735439,-0.02678571428571419,1.0
589,00893 國泰智能電動車,2023-07-31,2023-08-07,2023-07-28,2023-08-04,0.014285714285714287,4.0,4009.0,4013.0,-0.015368582169710043,foreign_etf,00893 國泰智能電動車,18.62,18.36,18.62,0.01637554585152845,-0.005417118093174467,311505673.36,183931140.96,16729628.0,10018036.0,0,0,-0.015368582169710043,0.009300832438238427,0.009300832438238427,-0.02444208289054195,1.0
590,00896 中信綠能及電動車,2023-07-31,2023-08-07,2023-07-28,2023-08-04,0.014285714285714287,4.0,4009.0,4013.0,-0.022035406839622684,domestic_etf,00896 中信綠能及電動車,16.96,16.66,17.834091610382735,-0.016241299303944134,0.014616321559074219,54981301.120000005,31460144.240000002,3241822.0,1888364.0,0,0,-0.03183962264150941,0.000589622641509191,0.000589622641509191,-0.03241013553329375,1.0
591,00898 國泰基因免疫革命,2023-07-31,2023-08-07,2023-07-28,2023-08-04,0.014285714285714287,4.0,4009.0,4013.0,-0.030495552731893527,foreign_etf,00898 國泰基因免疫革命,7.87,7.63,7.87,0.00768245838668391,-0.0052151238591916504,6659735.66,3508312.15,846218.0,459805.0,0,0,-0.030495552731893527,0.0050825921219821435,0.0050825921219821435,-0.03539823008849574,1.0
592,00900 富邦特選高股息30,2023-07-31,2023-08-07,2023-07-28,2023-08-04,0.014285714285714287,4.0,4009.0,4013.0,-0.01173465491923631,domestic_etf,00900 富邦特選高股息30,13.62,13.52,15.472366213872812,-0.003657644476956934,0.016541353383458635,425269422.65999997,567960476.72,31223893.0,42008911.0,0,0,-0.023494860499265635,0.0,0.0,-0.023494860499265635,0.0
593,00901 永豐智能車供應鏈,2023-07-31,2023-08-07,2023-07-28,2023-08-04,0.014285714285714287,4.0,4009.0,4013.0,-0.011079913101604277,domestic_etf,00901 永豐智能車供應鏈,14.96,14.86,15.642255389718075,-0.011889035667106973,0.014334470989761039,33531852.64,11080091.52,2241434.0,745632.0,0,0,-0.021390374331551,0.004679144385026479,0.004679144385026479,-0.025948103792415078,1.0
594,00907 永豐優息存股,2023-07-31,2023-08-07,2023-07-28,2023-08-04,0.014285714285714287,4.0,4009.0,4013.0,0.0005761523046090566,domestic_etf,00907 永豐優息存股,14.97,15.0,15.695746673345973,-0.003992015968063867,0.0033444816053511683,51860151.84,78993735.0,3464272.0,5266249.0,0,0,-0.004760253841015416,0.005912558450233751,0.005912558450233751,-0.010610079575596787,2.0
595,00908 富邦入息REITs+,2023-07-31,2023-08-07,2023-07-28,2023-08-04,0.014285714285714287,4.0,4009.0,4013.0,-0.017707134776252853,其他證券,00908 富邦入息REITs+,12.57,12.42,13.242071127973507,-0.007892659826361559,0.0,24733385.64,13895719.56,1967652.0,1118818.0,0,0,-0.013341169451073887,0.0033414677804297632,0.0033414677804297632,-0.016627078384798155,1.0
596,00912 中信臺灣智慧50,2023-07-31,2023-08-07,2023-07-28,2023-08-04,0.014285714285714287,4.0,4009.0,4013.0,-0.016803913049205477,domestic_etf,00912 中信臺灣智慧50,15.42,15.25,16.39909266103149,-0.007083065035415226,0.007265521796565366,25959647.1,8696343.0,1683505.0,570252.0,0,0,-0.019557360570687243,0.005050843060959931,0.005050843060959931,-0.02448453608247414,1.0
597,00917 中信特選金融,2023-07-31,2023-08-07,2023-07-28,2023-08-04,0.014285714285714287,4.0,4009.0,4013.0,-0.010271903323262999,foreign_etf,00917 中信特選金融,16.55,16.38,16.55,0.0036385688295939023,-0.0012195121951219523,21890718.1,2869776.0,1322702.0,175200.0,0,0,-0.010271903323262999,0.004833836858005869,0.004833836858005869,-0.015033072760072153,2.0
598,020020 元大台股領航N,2023-07-31,2023-08-07,2023-07-28,2023-08-04,0.014285714285714287,4.0,4009.0,4013.0,0.00276904589650373,其他證券,020020 元大台股領航N,8.08,8.15,8.08,-0.013431013431013383,0.020025031289111483,1325120.0,1043200.0,164000.0,128000.0,0,0,-0.018727042079207945,0.010933601485148436,0.010933601485148436,-0.02933985330073341,2.0
599,1210 大成,2023-07-31,2023-08-07,2023-07-28,2023-08-04,0.014285714285714287,4.0,4009.0,4013.0,-0.01672240802675573,食品工業,1210 大成,59.8,58.8,256.7608741238989,0.006734006734006703,0.03703703703703698,545084953.4,464662060.79999995,9115133.0,7902416.0,0,0,-0.051839464882943,0.04013377926421424,0.04013377926421424,-0.08842443729903537,2.0
600,1304 台聚,2023-07-31,2023-08-07,2023-07-28,2023-08-04,0.014285714285714287,4.0,4009.0,4013.0,0.050003755364806945,塑膠工業,1304 台聚,23.3,24.5,75.72542217534692,0.024175824175824312,0.008230452674897304,80912675.10000001,66928022.0,3472647.0,2731756.0,0,0,-0.0014250000000000096,0.050003755364806945,0.0,-0.0014250000000000096,4.0
601,1310 台苯,2023-07-31,2023-08-07,2023-07-28,2023-08-04,0.014285714285714287,4.0,4009.0,4013.0,0.027439024390244038,塑膠工業,1310 台苯,16.4,16.85,29.77356196681916,0.01863354037267073,0.0,24549077.999999996,31221937.900000002,1496895.0,1852934.0,0,0,0.0,0.027439024390244038,0.0,-0.0029850746268655914,4.0
602,1312 國喬,2023-07-31,2023-08-07,2023-07-28,2023-08-04,0.014285714285714287,4.0,4009.0,4013.0,0.020283152173913077,塑膠工業,1312 國喬,18.4,18.8,30.628503899540355,0.005464480874316724,0.0,43436180.8,23703134.0,2360662.0,1260805.0,0,0,-0.0014250000000000096,0.020283152173913077,0.0,-0.0014250000000000096,4.0
603,1409 新纖,2023-07-31,2023-08-07,2023-07-28,2023-08-04,0.014285714285714287,4.0,4009.0,4013.0,0.0043975947521865955,紡織纖維,1409 新纖,17.15,17.25,32.682309878213985,0.0,0.0,31426809.049999997,16104893.25,1832467.0,933617.0,0,0,-0.00433629737609309,0.0043975947521865955,0.001486297376093404,-0.005813953488371992,3.0
604,1442 名軒,2023-07-31,2023-08-07,2023-07-28,2023-08-04,0.014285714285714287,4.0,4009.0,4013.0,-0.03467406380027738,建材營造,1442 名軒,36.05,34.8,118.98456802856063,0.01406469760900153,-0.002865329512893977,52502246.65,18180146.4,1456373.0,522418.0,0,0,-0.04715672676837723,0.0,0.0,-0.04715672676837723,0.0
605,1454 台富,2023-07-31,2023-08-07,2023-07-28,2023-08-04,0.014285714285714287,4.0,4009.0,4013.0,-0.03103234501347707,紡織纖維,1454 台富,18.55,18.0,32.367142522387375,0.0,0.014084507042253502,3524110.45,1844784.0,189979.0,102488.0,0,0,-0.04449022911051215,0.0,0.0,-0.04449022911051215,0.0
606,1476 儒鴻,2023-07-31,2023-08-07,2023-07-28,2023-08-04,0.014285714285714287,4.0,4009.0,4013.0,-0.03565152214022116,紡織纖維,1476 儒鴻,542.0,525.0,1499.7423055749584,-0.009140767824497353,-0.04197080291970812,339269236.0,600621525.0,625958.0,1144041.0,0,0,-0.03136531365313633,0.011070110701107305,0.011070110701107305,-0.04197080291970812,1.0
607,1707 葡萄王,2023-07-31,2023-08-07,2023-07-28,2023-08-04,0.014285714285714287,4.0,4009.0,4013.0,-0.028858379120879074,生技醫療業,1707 葡萄王,182.0,177.0,377.2111263165607,-0.010869565217391353,0.005681818181818121,101103002.0,36645018.0,555511.0,207034.0,0,0,-0.0343450549450548,0.0,0.0,-0.0343450549450548,0.0
608,1712 興農,2023-07-31,2023-08-07,2023-07-28,2023-08-04,0.014285714285714287,4.0,4009.0,4013.0,-0.008586194528448443,化學工業,1712 興農,36.25,36.15,97.38784388842389,0.0,0.008368200836819994,19232945.0,14009426.4,530564.0,387536.0,0,0,-0.012443758620689693,0.001329689655172439,0.001329689655172439,-0.01375515818431916,1.0
609,1718 中纖,2023-07-31,2023-08-07,2023-07-28,2023-08-04,0.014285714285714287,4.0,4009.0,4013.0,0.02958664596273275,化學工業,1718 中纖,8.05,8.3,13.999888072494775,-0.003712871287128605,0.00728155339805836,19126872.450000003,19405092.900000002,2376009.0,2337963.0,0,0,-0.0014250000000000096,0.02958664596273275,0.0,-0.0014250000000000096,4.0
610,1722 台肥,2023-07-31,2023-08-07,2023-07-28,2023-08-04,0.014285714285714287,4.0,4009.0,4013.0,-0.010757476635514074,化學工業,1722 台肥,64.2,63.6,122.49533112173704,-0.0031055900621118626,0.00952380952380949,105776497.80000001,89101692.0,1647609.0,1400970.0,0,0,-0.020089953271028027,0.0016858255451714932,0.0016858255451714932,-0.021739130434782705,1.0
611,2017 官田鋼,2023-07-31,2023-08-07,2023-07-28,2023-08-04,0.014285714285714287,4.0,4009.0,4013.0,-0.004353372434017566,鋼鐵工業,2017 官田鋼,17.05,17.0,15.808592886869885,-0.008720930232558044,-0.02298850574712641,13294549.950000001,24622324.0,779739.0,1448372.0,0,0,-0.004353372434017566,0.01907360703812322,0.01907360703812322,-0.02298850574712641,3.0
612,2023 燁輝,2023-07-31,2023-08-07,2023-07-28,2023-08-04,0.014285714285714287,4.0,4009.0,4013.0,0.03738049282608724,鋼鐵工業,2023 燁輝,14.95,15.6,34.098693413002536,-0.01320132013201325,-0.01577287066246047,45089768.1,51526581.6,3016038.0,3302986.0,0,0,-0.0014250000000000096,0.05868988294314392,0.0,-0.01577287066246036,4.0
613,2031 新光鋼,2023-07-31,2023-08-07,2023-07-28,2023-08-04,0.014285714285714287,4.0,4009.0,4013.0,0.06474820143884874,鋼鐵工業,2031 新光鋼,48.65,51.8,125.55745032384579,0.016718913270637348,-0.0038461538461539435,200264319.5,220881105.2,4116430.0,4264114.0,0,0,0.0,0.06885919835560106,0.0,-0.0038461538461538325,4.0
614,2038 海光,2023-07-31,2023-08-07,2023-07-28,2023-08-04,0.014285714285714287,4.0,4009.0,4013.0,0.014291116878164756,鋼鐵工業,2038 海光,19.75,20.15,27.44104681504089,-0.012499999999999956,-0.007389162561576401,8116084.75,5972621.199999999,410941.0,296408.0,0,0,-0.0014250000000000096,0.026383417721519198,0.0,-0.007389162561576401,4.0
615,2356 英業達,2023-07-31,2023-08-07,2023-07-28,2023-08-04,0.014285714285714287,4.0,4009.0,4013.0,-0.002862087912088196,電腦及週邊設備業,2356 英業達,63.7,63.8,248.63496904845084,-0.0886981402002861,0.09999999999999987,2939988715.3,6580765202.0,46153669.0,103146790.0,2,0,-0.08948194662480391,0.006279434850863241,0.006279434850863241,-0.09516380655226209,2.0
616,2390 云辰,2023-07-31,2023-08-07,2023-07-28,2023-08-04,0.014285714285714287,4.0,4009.0,4013.0,-0.005325683593749964,其他電子業,2390 云辰,12.8,12.75,14.461618911995382,0.0039215686274509665,-0.011627906976744318,10079539.200000001,3454128.0,787464.0,270912.0,0,0,-0.00922636718750014,0.010277050781249963,0.010277050781249963,-0.019305019305019377,2.0
617,2404 漢唐,2023-07-31,2023-08-07,2023-07-28,2023-08-04,0.014285714285714287,4.0,4009.0,4013.0,0.061224489795918435,其他電子業,2404 漢唐,220.5,234.0,794.1403607150734,0.02083333333333326,0.037694013303769314,540814396.5,844172784.0,2452673.0,3607576.0,0,0,0.0,0.061224489795918435,0.0,-0.0045045045045043475,4.0
618,2505 國揚,2023-07-31,2023-08-07,2023-07-28,2023-08-04,0.014285714285714287,4.0,4009.0,4013.0,-0.016946891191709668,建材營造,2505 國揚,19.3,19.0,19.384173429492275,0.013123359580052618,-0.007832898172323577,14630654.5,6443527.0,758065.0,339133.0,0,0,-0.016946891191709668,0.008922927461139984,0.008922927461139984,-0.02564102564102555,2.0
619,2601 益航,2023-07-31,2023-08-07,2023-07-28,2023-08-04,0.014285714285714287,4.0,4009.0,4013.0,0.008964797687861292,貿易百貨,2601 益航,8.65,8.74,12.478284805213063,-0.008027522935779907,0.010404624277456698,13636180.05,14354628.44,1576437.0,1642406.0,0,0,-0.007197109826589609,0.008964797687861292,0.0031926878612715814,-0.010356731875719172,2.0
620,2607 榮運,2023-07-31,2023-08-07,2023-07-28,2023-08-04,0.014285714285714287,4.0,4009.0,4013.0,0.005619620811287751,航運業,2607 榮運,28.35,28.55,44.79572913014681,-0.010471204188481464,-0.0017482517482517723,59612452.2,29701707.0,2102732.0,1040340.0,0,0,-0.011991931216931206,0.00738077601410958,0.00033615520282181954,-0.012323943661971759,3.0
621,2615 萬海,2023-07-31,2023-08-07,2023-07-28,2023-08-04,0.014285714285714287,4.0,4009.0,4013.0,-0.003871162022569541,航運業,2615 萬海,50.4,50.5,163.91136891190249,-0.027027027027027084,-0.02131782945736438,333722239.2,224698538.0,6621473.0,4449476.0,0,0,-0.0014250000000000096,0.022350595238095128,0.0,-0.02131782945736438,4.0
622,2836 高雄銀,2023-07-31,2023-08-07,2023-07-28,2023-08-04,0.014285714285714287,4.0,4009.0,4013.0,-0.006344686529015653,金融保險業,2836 高雄銀,12.7,12.3,26.28270486981438,0.0,0.0,12733286.7,4347644.100000001,1002621.0,353467.0,0,0,-0.0019282188976377235,0.014300590551181047,0.014300590551181047,-0.015999999999999903,1.0
623,2845 遠東銀,2023-07-31,2023-08-07,2023-07-28,2023-08-04,0.014285714285714287,4.0,4009.0,4013.0,-0.01827858649789027,金融保險業,2845 遠東銀,11.85,11.65,24.967275124303917,-0.004201680672269004,0.004310344827586299,78523219.2,22820381.150000002,6626432.0,1958831.0,0,0,-0.02249198312236289,0.002788396624472611,0.002788396624472611,-0.025210084033613467,1.0
624,2880 華南金,2023-07-31,2023-08-07,2023-07-28,2023-08-04,0.014285714285714287,4.0,4009.0,4013.0,-0.0014250000000000096,金融保險業,2880 華南金,22.25,22.25,78.69139295982119,0.0022522522522523403,0.0,230203061.25,154587882.5,10346205.0,6947770.0,0,0,-0.0059129775280898356,0.012038932584269801,0.012038932584269801,-0.017738359201773912,1.0
625,2881 富邦金,2023-07-31,2023-08-07,2023-07-28,2023-08-04,0.014285714285714287,4.0,4009.0,4013.0,-0.0014250000000000096,金融保險業,2881 富邦金,65.5,65.5,175.90821385769902,0.0015290519877673159,0.010802469135802406,1728732264.5,836336357.0,26392859.0,12768494.0,0,0,-0.012096793893129676,0.01382041984732818,0.01382041984732818,-0.0255639097744359,1.0
626,2886 兆豐金,2023-07-31,2023-08-07,2023-07-28,2023-08-04,0.014285714285714287,4.0,4009.0,4013.0,-0.008867795031055947,金融保險業,2886 兆豐金,40.25,39.95,100.86757020025472,0.004993757802746801,0.008838383838383868,642797169.0,621080477.75,15970116.0,15546445.0,0,0,-0.017551055900621226,0.0072582608695650475,0.0072582608695650475,-0.024630541871921152,1.0
627,3038 全台,2023-07-31,2023-08-07,2023-07-28,2023-08-04,0.014285714285714287,4.0,4009.0,4013.0,-0.00452167801113712,光電業,3038 全台,37.6,37.65,65.85943336705736,-0.038363171355498715,0.010738255033557076,210066537.6,72413751.0,5586876.0,1923340.0,0,0,-0.037278091755319265,0.0,0.0,-0.037278091755319265,0.0
628,3322 建舜電,2023-07-31,2023-08-07,2023-07-28,2023-08-04,0.014285714285714287,4.0,4009.0,4013.0,-0.01089324618736398,電子零組件業,3322 建舜電,22.95,22.7,28.15075161738417,0.0,0.015659955257270708,54421243.199999996,14594057.0,2371296.0,642910.0,0,0,-0.03703703703703709,0.0,0.0,-0.03703703703703709,0.0
629,3481 群創,2023-07-31,2023-08-07,2023-07-28,2023-08-04,0.014285714285714287,4.0,4009.0,4013.0,0.00012721436749263404,光電業,3481 群創,16.65,16.75,27.39871952699292,-0.014792899408283988,-0.0029761904761904656,1609702386.3,982615769.0,96678822.0,58663628.0,0,0,-0.01042117117117114,0.028562237237237165,0.028562237237237165,-0.03790087463556846,3.0
630,3581 博磊,2023-07-31,2023-08-07,2023-07-28,2023-08-04,0.014285714285714287,4.0,4009.0,4013.0,0.03683074163751976,半導體業,3581 博磊,31.45,32.8,48.378448062798206,0.09965034965034958,-0.0015220700152207556,157285507.04999998,152598457.6,5001129.0,4652392.0,1,0,-0.05698958664546894,0.04302666931637522,0.0,-0.05698958664546894,2.0
631,3617 碩天,2023-07-31,2023-08-07,2023-07-28,2023-08-04,0.014285714285714287,4.0,4009.0,4013.0,-0.05398157894736855,其他電子業,3617 碩天,237.5,225.0,464.96927230116955,-0.006276150627614996,0.03686635944700467,533951300.0,158041800.0,2248216.0,702408.0,0,0,-0.08761778947368437,0.0,0.0,-0.08761778947368437,0.0
632,4207 環泰,2023-07-31,2023-08-07,2023-07-28,2023-08-04,0.014285714285714287,4.0,4009.0,4013.0,-0.0646241443219795,食品工業,4207 環泰,19.45,18.3,39.67892633091954,0.034574468085106336,-0.018766756032171594,108410176.6,17495623.5,5573788.0,956045.0,0,0,-0.060466709511568184,0.0,0.0,-0.060466709511568184,0.0
633,4953 緯軟,2023-07-31,2023-08-07,2023-07-28,2023-08-04,0.014285714285714287,4.0,4009.0,4013.0,-0.08410955414012711,資訊服務業,4953 緯軟,157.0,144.0,295.5130315066948,-0.05988023952095811,0.010526315789473939,1484514599.0,924474960.0,9455507.0,6419965.0,0,0,-0.09683025477706986,0.0,0.0,-0.09683025477706986,0.0
634,5213 亞昕,2023-07-31,2023-08-07,2023-07-28,2023-08-04,0.014285714285714287,4.0,4009.0,4013.0,0.03424325343245971,建材營造,5213 亞昕,24.8,25.8,139.1152007471535,0.002020202020202033,0.015748031496063186,5716424.8,18461061.0,230501.0,715545.0,0,0,-0.009478024193548373,0.03884012096774203,0.0,-0.009478024193548373,2.0
635,5225 東科-KY,2023-07-31,2023-08-07,2023-07-28,2023-08-04,0.014285714285714287,4.0,4009.0,4013.0,-0.08322316489361714,其他電子業,5225 東科-KY,47.0,43.15,78.23180268305822,0.0064239828693788414,-0.03897550111358583,39823993.0,26244088.9,847319.0,608206.0,0,0,-0.08322316489361714,0.0,0.0,-0.08322316489361714,0.0
636,6005 群益證,2023-07-31,2023-08-07,2023-07-28,2023-08-04,0.014285714285714287,4.0,4009.0,4013.0,-0.03134796238244497,金融保險業,6005 群益證,15.95,15.45,43.59431038650343,0.0,-0.009615384615384581,128939895.69999999,72036799.2,8084006.0,4662576.0,0,0,-0.03761755485893403,0.0,0.0,-0.03761755485893403,0.0
637,6147 頎邦,2023-07-31,2023-08-07,2023-07-28,2023-08-04,0.014285714285714287,4.0,4009.0,4013.0,-0.01446682276657052,半導體業,6147 頎邦,69.4,68.7,168.81478119794906,0.0,0.004385964912280604,445140552.6,178260218.1,6414129.0,2594763.0,0,0,-0.028818443804034533,0.0,0.0,-0.028818443804034533,0.0
638,6155 鈞寶,2023-07-31,2023-08-07,2023-07-28,2023-08-04,0.014285714285714287,4.0,4009.0,4013.0,-0.015564115044247817,電子零組件業,6155 鈞寶,28.25,27.85,80.83809369934558,0.005338078291814874,0.0,21863692.0,6353531.9,773936.0,228134.0,0,0,-0.035005398230088414,0.0,0.0,-0.035005398230088414,0.0
639,6189 豐藝,2023-07-31,2023-08-07,2023-07-28,2023-08-04,0.014285714285714287,4.0,4009.0,4013.0,0.006226636046495759,電子通路業,6189 豐藝,45.3,45.85,250.26049798940073,-0.005488474204171312,0.014380530973451267,29545611.299999997,73733494.10000001,652221.0,1608146.0,0,0,-0.01795769867549668,0.010698979028697764,0.0,-0.01795769867549668,1.0
640,6239 力成,2023-07-31,2023-08-07,2023-07-28,2023-08-04,0.014285714285714287,4.0,4009.0,4013.0,-0.07945384057971006,半導體業,6239 力成,110.5,95.7,427.4803914014818,-0.008968609865470767,0.021344717182497197,1077479201.5,324041922.6,9750943.0,3386018.0,0,0,-0.09468599033816405,0.0,0.0,-0.09468599033816405,0.0
641,6282 康舒,2023-07-31,2023-08-07,2023-07-28,2023-08-04,0.014285714285714287,4.0,4009.0,4013.0,-0.017618108108108155,電子零組件業,6282 康舒,55.5,54.6,154.51853062481018,0.010928961748633892,0.04397705544933084,7463225359.5,1936787962.2,134472529.0,35472307.0,0,0,-0.07879207207207195,0.0,0.0,-0.07879207207207195,0.0
642,6449 鈺邦,2023-07-31,2023-08-07,2023-07-28,2023-08-04,0.014285714285714287,4.0,4009.0,4013.0,0.10304009147916626,電子零組件業,6449 鈺邦,63.0,69.9,92.97880891293332,-0.010989010989011061,0.09733124018838302,16729146.0,107529476.7,265542.0,1538333.0,0,0,-0.0014250000000001206,0.1079427380952378,0.014425396825396675,-0.015625,3.0
643,8213 志超,2023-07-31,2023-08-07,2023-07-28,2023-08-04,0.014285714285714287,4.0,4009.0,4013.0,-0.003278024193548168,電子零組件業,8213 志超,43.4,43.45,117.4246312286591,-0.03124999999999989,0.015186915887850594,85095899.0,19809767.450000003,1960735.0,455921.0,0,0,-0.01497695852534553,0.0011520737327190833,0.0011520737327190833,-0.016110471806674465,2.0
644,8215 明基材,2023-07-31,2023-08-07,2023-07-28,2023-08-04,0.014285714285714287,4.0,4009.0,4013.0,-0.0670422341696536,光電業,8215 明基材,41.85,39.1,63.21022603130855,0.006009615384615419,0.00903225806451613,177508490.85,206761230.1,4241541.0,5288011.0,0,0,-0.07539351851851861,0.024821893667861472,0.024821893667861472,-0.09778812572759032,2.0
645,8927 北基,2023-07-31,2023-08-07,2023-07-28,2023-08-04,0.014285714285714287,4.0,4009.0,4013.0,-0.011440797392176738,油電燃氣業,8927 北基,49.85,49.35,69.66332569573747,0.00504032258064524,-0.011022044088176308,65325982.35,39242675.85,1310451.0,795191.0,0,0,-0.011440797392176738,0.0015797392176526426,0.0015797392176526426,-0.0129999999999999,1.0
646,9910 豐泰,2023-07-31,2023-08-07,2023-07-28,2023-08-04,0.014285714285714287,4.0,4009.0,4013.0,0.029564612400684753,運動休閒,9910 豐泰,212.0,189.0,844.3448171739813,0.0,0.0,544790816.0,479833767.0,2569768.0,2538803.0,0,0,-0.0014250000000002316,0.03414068493150668,0.01977116745283003,-0.020785219399538146,3.0
647,9919 康那香,2023-07-31,2023-08-07,2023-07-28,2023-08-04,0.014285714285714287,4.0,4009.0,4013.0,0.03264711286089228,其他,9919 康那香,19.05,19.7,33.10528802191249,0.0,0.007672634271099543,77257713.15,73526073.6,4055523.0,3732288.0,0,0,-0.0014250000000000096,0.03264711286089228,0.0,-0.0051679586563309066,4.0
648,9958 世紀鋼,2023-07-31,2023-08-07,2023-07-28,2023-08-04,0.014285714285714287,4.0,4009.0,4013.0,-0.050947196261682204,鋼鐵工業,9958 世紀鋼,160.5,153.0,247.83420433272727,-0.030211480362537735,0.0,1048805547.0,347290569.0,6534614.0,2269873.0,0,0,-0.05607476635514008,0.0,0.0,-0.05607476635514008,0.0
649,4953 緯軟,2023-08-07,2023-08-11,2023-08-04,2023-08-10,0.014084507042253521,4.0,4013.0,4017.0,-0.12195815972222235,資訊服務業,4953 緯軟,144.0,127.0,271.0437995984972,0.010526315789473939,-0.011673151750972832,924474960.0,231334183.0,6419965.0,1821529.0,0,0,-0.11805555555555569,0.0,0.0,-0.11805555555555569,0.0
650,5269 祥碩,2023-08-07,2023-08-11,2023-08-04,2023-08-10,0.014084507042253521,4.0,4013.0,4017.0,-0.13710895888433972,半導體業,5269 祥碩,977.0,848.0,1282.479035216723,0.002051282051282133,-0.017381228273464555,350488980.0,1121629248.0,358740.0,1322676.0,0,0,-0.1332736949846468,0.0,0.0,-0.1332736949846468,0.0
651,2342 茂矽,2023-08-07,2023-08-14,2023-08-04,2023-08-11,0.014084507042253521,5.0,4013.0,4018.0,-0.13027194207774584,半導體業,2342 茂矽,39.15,34.25,2.924595580704765,0.005134788189987027,-0.01862464183381085,12204973.35,57157633.0,311749.0,1668836.0,0,0,-0.1264062899106002,0.0,0.0,-0.1264062899106002,0.0
652,8069 元太,2023-08-07,2023-08-14,2023-08-04,2023-08-11,0.014084507042253521,5.0,4013.0,4018.0,-0.12357273056743423,光電業,8069 元太,228.0,201.0,407.7959108682067,0.048275862068965614,-0.017114914425427896,2095923060.0,2337382770.0,9192645.0,11628770.0,0,0,-0.11967730263157894,0.0,0.0,-0.11967730263157894,0.0
653,8932 智通*,2023-08-07,2023-08-14,2023-08-04,2023-08-11,0.014084507042253521,5.0,4013.0,4018.0,-0.07911061397633412,其他,8932 智通*,78.7,72.9,82.22388059701493,0.05213903743315518,0.029661016949152685,217046415.20000002,56630907.00000001,2757896.0,776830.0,0,0,-0.10166315120711567,0.0,0.0,-0.10166315120711567,0.0
654,1210 大成,2023-08-07,2023-08-15,2023-08-04,2023-08-14,0.014084507042253521,6.0,4013.0,4019.0,-0.10093482142857135,食品工業,1210 大成,58.8,53.1,252.46721402149254,0.03703703703703698,0.003780718336483968,464662060.79999995,93435928.2,7902416.0,1759622.0,0,0,-0.10034013605442171,0.001700680272108901,0.001700680272108901,-0.1018675721561969,1.0
655,3006 晶豪科,2023-08-07,2023-08-15,2023-08-04,2023-08-14,0.014084507042253521,6.0,4013.0,4019.0,-0.10089223005490977,半導體業,3006 晶豪科,77.4,70.0,181.26878526818612,0.006501950585175553,0.02489019033674955,90058150.80000001,125985090.0,1163542.0,1799787.0,0,0,-0.1188285206718348,0.0,0.0,-0.1188285206718348,0.0
656,3024 憶聲,2023-08-07,2023-08-15,2023-08-04,2023-08-14,0.014084507042253521,6.0,4013.0,4019.0,-0.11091712505081286,光電業,3024 憶聲,18.45,16.5,29.92867203307813,-0.013368983957219305,0.003039513677811634,74904287.85,43083562.5,4059853.0,2611125.0,0,0,-0.10967161246612467,0.0,0.0,-0.10967161246612467,0.0
657,3047 訊舟,2023-08-07,2023-08-15,2023-08-04,2023-08-14,0.014084507042253521,6.0,4013.0,4019.0,-0.10796246897092165,通信網路業,3047 訊舟,16.55,14.85,40.68562440042757,-0.003012048192771233,0.013651877133105561,29343298.950000003,18288235.349999998,1773009.0,1231531.0,0,0,-0.1160650302114804,0.0,0.0,-0.1160650302114804,0.0
658,3483 力致,2023-08-07,2023-08-15,2023-08-04,2023-08-14,0.014084507042253521,6.0,4013.0,4019.0,-0.08952688508417483,電腦及週邊設備業,3483 力致,148.5,136.0,372.14417227153643,0.03484320557491283,0.026415094339622636,443703298.5,2896567848.0,2987901.0,21298293.0,2,0,-0.10901557239057214,0.09271675084175102,0.09271675084175102,-0.18461538461538451,2.0
659,3499 環天科,2023-08-07,2023-08-15,2023-08-04,2023-08-14,0.014084507042253521,6.0,4013.0,4019.0,-0.09707215536176472,通信網路業,3499 環天科,21.25,19.3,31.13754551993143,0.026570048309178862,0.023872679045092715,4731248.75,2919356.6,222647.0,151262.0,0,0,-0.11420523529411752,0.0,0.0,-0.11420523529411752,0.0
660,6153 嘉聯益,2023-08-07,2023-08-15,2023-08-04,2023-08-14,0.014084507042253521,6.0,4013.0,4019.0,-0.10690937689704338,電子零組件業,6153 嘉聯益,24.1,21.65,37.82670496141347,0.0020790020790020236,0.009324009324009452,29209007.200000003,22969654.099999998,1211992.0,1060954.0,0,0,-0.11122681535269707,0.0,0.0,-0.11122681535269707,0.0
661,6155 鈞寶,2023-08-07,2023-08-15,2023-08-04,2023-08-14,0.014084507042253521,6.0,4013.0,4019.0,-0.11768286140445494,電子零組件業,6155 鈞寶,27.85,23.35,79.69348352307166,0.0,0.004301075268817289,6353531.9,3672651.45,228134.0,157287.0,0,0,-0.11755670996853052,0.0,0.0,-0.11755670996853052,0.0
662,6282 康舒,2023-08-07,2023-08-15,2023-08-04,2023-08-14,0.014084507042253521,6.0,4013.0,4019.0,-0.0737141025641026,電子零組件業,6282 康舒,54.6,50.8,152.01282472278623,0.04397705544933084,0.03462321792260692,1936787962.2,996132628.0,35472307.0,19608910.0,0,0,-0.10073260073260071,0.0,0.0,-0.10073260073260071,0.0
663,8105 凌巨,2023-08-07,2023-08-15,2023-08-04,2023-08-14,0.014084507042253521,6.0,4013.0,4019.0,-0.11452959273914809,光電業,8105 凌巨,15.55,13.85,19.925943649134737,-0.012698412698412653,0.0072727272727270975,37628201.0,16339426.7,2419820.0,1179742.0,0,0,-0.11701567524115752,0.0,0.0,-0.11701567524115752,0.0
664,1309 台達化,2023-08-07,2023-08-16,2023-08-04,2023-08-15,0.014084507042253521,7.0,4013.0,4020.0,-0.14572498360866815,塑膠工業,1309 台達化,19.9,17.1,39.53524360127165,-0.0025062656641604564,-0.04201680672268904,10310488.5,24023259.900000002,518115.0,1404869.0,0,0,-0.14192801507537667,0.0,0.0,-0.14192801507537667,0.0
665,1707 葡萄王,2023-08-07,2023-08-16,2023-08-04,2023-08-15,0.014084507042253521,7.0,4013.0,4020.0,-0.11691935028248568,生技醫療業,1707 葡萄王,177.0,157.0,366.84818328588597,0.005681818181818121,-0.012578616352201255,36645018.0,73000447.0,207034.0,464971.0,0,0,-0.11299435028248561,0.008474576271186418,0.008474576271186418,-0.12044817927170837,1.0
666,2017 官田鋼,2023-08-07,2023-08-16,2023-08-04,2023-08-15,0.014084507042253521,7.0,4013.0,4020.0,-0.11087873144584925,鋼鐵工業,2017 官田鋼,17.0,14.25,15.762233376937715,-0.02298850574712641,0.0,24622324.0,14240552.25,1448372.0,999337.0,0,0,-0.1069268829026937,0.005882352941176672,0.005882352941176672,-0.1121495327102805,1.0
667,1304 台聚,2023-08-07,2023-08-17,2023-08-04,2023-08-16,0.014084507042253521,8.0,4013.0,4021.0,-0.1527453571428573,塑膠工業,1304 台聚,24.5,20.85,79.62544391828324,0.008230452674897304,-0.018823529411764683,66928022.0,63905938.050000004,2731756.0,3065033.0,0,0,-0.14897959183673481,0.0,0.0,-0.14897959183673481,0.0
668,1312 國喬,2023-08-07,2023-08-17,2023-08-04,2023-08-16,0.014084507042253521,8.0,4013.0,4021.0,-0.11563284574468113,塑膠工業,1312 國喬,18.8,16.7,31.294340940834715,0.0,0.012121212121211977,23703134.0,43359495.9,1260805.0,2596377.0,0,0,-0.12234042553191504,0.0026595744680850686,0.0026595744680850686,-0.12466843501326275,1.0
669,9919 康那香,2023-08-07,2023-08-17,2023-08-04,2023-08-16,0.014084507042253521,8.0,4013.0,4021.0,-0.1383475253807106,其他,9919 康那香,19.7,17.05,34.23486477856567,0.007672634271099543,-0.01729106628242083,73526073.6,83124853.9,3732288.0,4875358.0,0,0,-0.13451776649746183,0.017766497461929154,0.017766497461929154,-0.14962593516209488,1.0
670,2031 新光鋼,2023-08-07,2023-08-22,2023-08-04,2023-08-21,0.014084507042253521,11.0,4013.0,4024.0,-0.129352364864865,鋼鐵工業,2031 新光鋼,51.8,45.3,133.6870694095624,-0.0038461538461539435,-0.018418201516793076,220881105.2,105475523.39999999,4264114.0,2328378.0,0,0,-0.12548262548262556,0.0019305019305018156,0.0019305019305018156,-0.1271676300578034,1.0
671,3034 聯詠,2023-08-07,2023-08-22,2023-08-04,2023-08-21,0.014084507042253521,11.0,4013.0,4024.0,-0.11049172654605255,半導體業,3034 聯詠,427.5,382.5,1715.8535787680032,0.00588235294117645,0.002621231979030192,1420567965.0,952859902.5,3322966.0,2491137.0,0,0,-0.10887400584795315,0.0,0.0,-0.10887400584795315,0.0
672,00752 中信中國50,2023-08-07,2023-08-23,2023-08-04,2023-08-22,0.014084507042253521,12.0,4013.0,4025.0,-0.09479335798062227,foreign_etf,00752 中信中國50,19.61,17.83,19.61,-0.01009591115598174,0.014797951052931024,119800529.55,30497519.629999995,6109155.0,1710461.0,0,0,-0.10402855685874557,0.0,0.0,-0.10402855685874557,0.0
673,1310 台苯,2023-08-07,2023-08-23,2023-08-04,2023-08-22,0.014084507042253521,12.0,4013.0,4025.0,-0.087143397626113,塑膠工業,1310 台苯,16.85,15.45,30.59051945981115,0.0,0.023178807947019653,31221937.900000002,17545684.349999998,1852934.0,1135643.0,0,0,-0.10385756676557867,0.0,0.0,-0.10385756676557867,0.0
674,6170 統振,2023-08-07,2023-08-24,2023-08-04,2023-08-23,0.014084507042253521,13.0,4013.0,4026.0,0.23076347540091935,通信網路業,6170 統振,48.95,60.6,90.14617780889822,-0.010111223458038388,-0.04113924050632911,77653154.15,509094964.2,1586377.0,8400907.0,0,0,-0.042224795709908,0.28927354443309516,0.0,-0.042224795709908,8.0
675,8215 明基材,2023-08-07,2023-08-28,2023-08-04,2023-08-25,0.014084507042253521,15.0,4013.0,4028.0,-0.12409769820971883,光電業,8215 明基材,39.1,34.4,59.05662694920345,0.00903225806451613,-0.015736766809728242,206761230.1,48891137.6,5288011.0,1421254.0,0,0,-0.12020460358056284,0.007672634271099543,0.007672634271099543,-0.12690355329949243,1.0
676,8927 北基,2023-08-07,2023-08-28,2023-08-04,2023-08-25,0.014084507042253521,15.0,4013.0,4028.0,0.20033865248226923,油電燃氣業,8927 北基,49.35,59.5,68.96459625044422,-0.011022044088176308,-0.00335008375209378,39242675.85,85233333.5,795191.0,1432493.0,0,0,0.0,0.20972644376899674,0.0,-0.008964143426294813,15.0
677,1784 訊聯,2023-08-07,2023-08-29,2023-08-04,2023-08-28,0.014084507042253521,16.0,4013.0,4029.0,-0.10383910164374976,生技醫療業,1784 訊聯,70.0,63.1,90.28444624289,0.06544901065449005,0.006379585326953485,210250110.0,15635990.700000001,3003573.0,247797.0,0,0,-0.10556210714285674,0.04137107142857155,0.04137107142857155,-0.1410958904109586,3.0
678,3322 建舜電,2023-08-07,2023-08-29,2023-08-04,2023-08-28,0.014084507042253521,16.0,4013.0,4029.0,-0.10529823788546233,電子零組件業,3322 建舜電,22.7,20.4,27.84409854965667,0.015659955257270708,0.007407407407407307,14594057.0,5732910.0,642910.0,281025.0,0,0,-0.10792951541850193,0.0,0.0,-0.10792951541850193,0.0
679,5225 東科-KY,2023-08-07,2023-09-01,2023-08-04,2023-08-31,0.014084507042253521,19.0,4013.0,4032.0,0.22745283893395207,其他電子業,5225 東科-KY,43.15,53.2,71.82345288880771,-0.03897550111358583,-0.02025782688766098,26244088.9,258303768.8,608206.0,4855334.0,0,1,-0.028968713789107703,0.2584009269988419,0.011587485515643259,-0.0869109947643979,14.0
680,3617 碩天,2023-08-07,2023-09-06,2023-08-04,2023-09-05,0.014084507042253521,22.0,4013.0,4035.0,0.22892083404255348,其他電子業,3617 碩天,225.0,259.0,440.4972053379501,0.03686635944700467,0.021696252465483123,158041800.0,2263521176.0,702408.0,8739464.0,0,0,-0.004444444444444362,0.23438297872340463,0.10444444444444456,-0.09859154929577463,21.0
681,6214 精誠,2023-08-07,2023-09-12,2023-08-04,2023-09-11,0.014084507042253521,26.0,4013.0,4039.0,-0.09191783339015103,資訊服務業,6214 精誠,115.5,105.5,282.09522661434045,-0.004310344827586077,0.019323671497584627,271253598.0,117772604.0,2348516.0,1116328.0,0,0,-0.10517305194805149,0.0,0.0,-0.10517305194805149,0.0
682,8034 榮群,2023-08-07,2023-09-21,2023-08-04,2023-09-20,0.014084507042253521,33.0,4013.0,4046.0,0.16153976524553593,通信網路業,8034 榮群,19.6,22.9,22.072878817058154,0.053763440860215006,-0.029661016949152685,77431544.4,103066900.19999999,3950589.0,4500738.0,0,0,-0.08803609693877579,0.20236581632653095,0.0,-0.08803609693877579,15.0
683,00893 國泰智能電動車,2023-08-07,2023-10-20,2023-08-04,2023-10-19,0.014084507042253521,51.0,4013.0,4064.0,-0.13781903594771283,foreign_etf,00893 國泰智能電動車,18.36,15.9,18.36,-0.005417118093174467,-0.021538461538461506,183931140.96,153076359.6,10018036.0,9627444.0,0,0,-0.13398692810457558,0.0,0.0,-0.13398692810457558,0.0
684,00898 國泰基因免疫革命,2023-08-07,2023-10-20,2023-08-04,2023-10-19,0.014084507042253521,51.0,4013.0,4064.0,-0.1388211009174315,foreign_etf,00898 國泰基因免疫革命,7.63,6.6,7.63,-0.0052151238591916504,-0.017857142857142905,3508312.15,3871876.8,459805.0,586648.0,0,0,-0.13499344692005266,0.002621231979030192,0.002621231979030192,-0.1372549019607846,1.0
685,1454 台富,2023-08-07,2023-10-24,2023-08-04,2023-10-23,0.014084507042253521,53.0,4013.0,4066.0,-0.12487728395061692,紡織纖維,1454 台富,18.0,15.6,31.407469833044352,0.014084507042253502,0.019607843137255054,1844784.0,456487.2,102488.0,29262.0,0,0,-0.1378917378917376,0.01706236150680618,0.01706236150680618,-0.152354570637119,24.0
686,1477 聚陽,2023-08-07,2023-10-26,2023-08-04,2023-10-25,0.014084507042253521,55.0,4013.0,4068.0,0.16740504292447045,紡織纖維,1477 聚陽,307.0,360.5,1003.4408867181875,-0.028481012658228,-0.02170963364993228,1867832515.0,609906157.0,6084145.0,1691834.0,0,0,-0.032325529315961,0.19861526872964164,0.018091123778501528,-0.07959479015918958,48.0
687,00895 富邦未來車,2023-08-07,2023-10-27,2023-08-04,2023-10-26,0.014084507042253521,56.0,4013.0,4069.0,-0.10454703280450339,foreign_etf,00895 富邦未來車,19.54,17.6,19.54,-0.003061224489796066,0.002849002849002913,63327459.559999995,37720742.400000006,3240914.0,2143224.0,0,0,-0.10312224923234381,0.017483533776867954,0.017483533776867954,-0.11853340030135595,12.0
688,2390 云辰,2023-08-07,2023-10-30,2023-08-04,2023-10-27,0.014084507042253521,57.0,4013.0,4070.0,0.1907857843137264,其他電子業,2390 云辰,12.75,15.25,14.405128213120399,-0.011627906976744318,-0.03785488958990524,3454128.0,429319220.0,270912.0,28152080.0,0,0,-0.07450980392156858,0.24313725490196147,0.0,-0.10139860139860102,41.0
689,00917 中信特選金融,2023-08-07,2023-10-31,2023-08-04,2023-10-30,0.014084507042253521,58.0,4013.0,4071.0,-0.09924166666666556,foreign_etf,00917 中信特選金融,16.38,14.82,16.38,-0.0012195121951219523,0.008163265306122547,2869776.0,14153129.64,175200.0,955002.0,0,0,-0.10256410256410153,0.006715506715506692,0.006715506715506692,-0.10855063674954413,1.0
690,6491 晶碩,2023-08-07,2023-11-08,2023-08-04,2023-11-07,0.014084507042253521,64.0,4013.0,4077.0,0.18835010293367294,生技醫療業,6491 晶碩,343.0,410.0,368.1599774628911,-0.039215686274509776,-0.009661835748792202,377975710.0,678160090.0,1101970.0,1654049.0,0,0,-0.03781621720116635,0.20527711370262325,0.001486297376093182,-0.09338521400778199,51.0
691,00882 中信中國高股息,2023-08-07,2023-12-06,2023-08-04,2023-12-05,0.014084507042253521,84.0,4013.0,4097.0,-0.10594971126085073,foreign_etf,00882 中信中國高股息,11.52,10.36,14.025630858185886,-0.012006861063464824,0.009746588693956948,196245273.6,175795928.84,17035180.0,16968719.0,0,0,-0.11064414062499983,0.0,0.0,-0.11064414062499983,0.0
692,2520 冠德,2023-08-07,2023-12-06,2023-08-04,2023-12-05,0.014084507042253521,84.0,4013.0,4097.0,0.20973778219578687,建材營造,2520 冠德,32.05,39.0,81.55991753602916,0.007861635220125507,-0.003831417624521105,59622326.55,139906806.0,1860291.0,3587354.0,0,0,-0.03725530421216827,0.21978818252730004,0.01882691107644341,-0.05504587155963314,72.0
693,00642U 期元大S&P石油,2023-08-07,2023-12-08,2023-08-04,2023-12-07,0.014084507042253521,86.0,4013.0,4099.0,-0.1217849231207293,vanilla_futures_etf,00642U 期元大S&P石油,17.56,15.49,17.56,0.012687427912341231,0.006497725795971299,45300322.199999996,112986337.03,2579745.0,7294147.0,0,0,-0.1235763097949889,0.1634396355353076,0.1634396355353076,-0.2466960352422911,46.0
694,2379 瑞昱,2023-08-07,2023-12-14,2023-08-04,2023-12-13,0.014084507042253521,90.0,4013.0,4103.0,0.2546538498350175,半導體業,2379 瑞昱,415.0,492.0,622.679035664422,-0.030373831775700855,0.050160085378868846,1725639305.0,2638462176.0,4158167.0,5362728.0,0,0,-0.04233048192771094,0.2602303692188108,0.0,-0.07536460952654589,79.0
695,2404 漢唐,2023-08-07,2023-12-15,2023-08-04,2023-12-14,0.014084507042253521,91.0,4013.0,4104.0,0.16150416666666567,其他電子業,2404 漢唐,234.0,273.0,842.7611991262004,0.037694013303769314,-0.03362831858407078,844172784.0,534475032.0,3607576.0,1957784.0,0,0,-0.08547008547008517,0.20726495726495608,0.0,-0.08547008547008517,50.0
696,2607 榮運,2023-08-07,2023-12-19,2023-08-04,2023-12-18,0.014084507042253521,93.0,4013.0,4106.0,0.21700761821366,航運業,2607 榮運,28.55,34.9,45.111748383269536,-0.0017482517482517723,-0.0028571428571428914,29701707.0,707173465.0,1040340.0,20262850.0,0,0,-0.049036777583187474,0.2259194395796844,0.008756567425569184,-0.14029850746268657,61.0
697,2505 國揚,2023-08-07,2023-12-28,2023-08-04,2023-12-27,0.014084507042253521,100.0,4013.0,4113.0,0.2366089473684223,建材營造,2505 國揚,19.0,23.6,19.082865034215192,-0.007832898172323577,0.02832244008714624,6443527.0,32382551.200000003,339133.0,1372142.0,0,0,-0.06315789473684164,0.24210526315789593,0.021052631578947434,-0.08247422680412331,26.0
698,2201 裕隆,2023-08-07,2024-01-10,2023-08-04,2024-01-09,0.014084507042253521,108.0,4013.0,4121.0,-0.12247369635591165,汽車工業,2201 裕隆,80.5,70.2,76.5541007411205,-0.0024783147459727095,-0.009873060648801224,261449590.5,396565486.2,3247821.0,5649081.0,0,0,-0.11857338357824543,0.07981038479018365,0.07981038479018365,-0.1837209302325581,33.0
699,2347 聯強,2023-08-07,2024-01-23,2023-08-04,2024-01-22,0.014084507042253521,117.0,4013.0,4130.0,0.2085159844269977,電子通路業,2347 聯強,58.9,71.6,226.06520305265974,0.013769363166953541,-0.0027855153203342198,87780908.2,158758393.6,1490338.0,2217296.0,0,0,-0.008206494057724778,0.21727818336163263,0.012137988115450193,-0.06178160919540232,111.0
700,8110 華東,2023-08-07,2024-02-20,2023-08-04,2024-02-19,0.014084507042253521,130.0,4013.0,4143.0,0.23559426556249963,半導體業,8110 華東,14.0,17.4,21.041201319429323,-0.010600706713780883,-0.008547008547008628,11960368.0,810012977.9999999,854312.0,46552470.0,0,0,-0.0691854464285716,0.25178508928571386,0.0,-0.1641791044776113,91.0
701,00927 群益半導體收益,2023-08-07,2024-02-21,2023-08-04,2024-02-20,0.014084507042253521,131.0,4013.0,4144.0,0.19557557270056458,domestic_etf,00927 群益半導體收益,15.07,17.49,15.286692810457517,0.005336891260840693,-0.0005714285714287781,35194990.38,95646636.02999999,2335434.0,5468647.0,0,0,-0.048471333775713554,0.201576123704734,0.0,-0.05185042219541591,109.0
702,00861 元大全球未來通訊,2023-08-07,2024-03-05,2023-08-04,2024-03-04,0.014084507042253521,139.0,4013.0,4152.0,0.21709200188560462,foreign_etf,00861 元大全球未來通訊,31.82,38.9,31.82,-0.002195045468799006,0.000771803447388697,2541686.14,43681782.5,79877.0,1122925.0,0,0,-0.05091137649277189,0.2225015713387788,0.01885606536769302,-0.06847624922887086,87.0
703,2845 遠東銀,2023-08-07,2024-03-08,2023-08-04,2024-03-07,0.014084507042253521,142.0,4013.0,4155.0,0.1921262875536469,金融保險業,2845 遠東銀,11.65,13.95,24.545886514611023,0.004310344827586299,-0.0035714285714285587,22820381.150000002,207363639.14999998,1958831.0,14864777.0,0,0,-0.025751072961373578,0.20171673819742386,0.012875536480686733,-0.06640625,97.0
704,1718 中纖,2023-08-07,2024-03-14,2023-08-04,2024-03-13,0.014084507042253521,146.0,4013.0,4159.0,-0.11237891566265068,化學工業,1718 中纖,8.3,7.4,14.434667205180947,0.00728155339805836,-0.004037685060565344,19405092.900000002,16772655.0,2337963.0,2266575.0,0,0,-0.10843373493975905,0.013253012048192403,0.013253012048192403,-0.12009512485136709,7.0
705,6005 群益證,2023-08-07,2024-03-15,2023-08-04,2024-03-14,0.014084507042253521,147.0,4013.0,4160.0,0.19855631067961088,金融保險業,6005 群益證,15.45,18.6,42.227717584418684,-0.009615384615384581,-0.010638297872340274,72036799.2,408343488.6,4662576.0,21953951.0,0,0,-0.08090614886731384,0.21682847896440038,0.0,-0.08090614886731384,65.0
706,2601 益航,2023-08-07,2024-03-19,2023-08-04,2024-03-18,0.014084507042253521,149.0,4013.0,4162.0,-0.0955531464530891,貿易百貨,2601 益航,8.74,7.94,12.608116670238402,0.010404624277456698,0.016645326504481694,14354628.44,18127480.52,1642406.0,2283058.0,0,0,-0.10640732265446229,0.09267734553775764,0.09267734553775764,-0.18219895287958132,30.0
707,1442 名軒,2023-08-07,2024-03-21,2023-08-04,2024-03-20,0.014084507042253521,151.0,4013.0,4164.0,0.230164511494253,建材營造,1442 名軒,34.8,43.0,114.85888952548987,-0.002865329512893977,0.003500583430571913,18180146.4,97989346.0,522418.0,2278822.0,0,0,-0.03448275862068961,0.2356321839080462,0.0,-0.085642317380352,120.0
708,2851 中再保,2023-08-07,2024-05-07,2023-08-04,2024-05-06,0.014084507042253521,181.0,4013.0,4194.0,0.23851825469669086,金融保險業,2851 中再保,23.8,29.65,63.08794594046282,0.00634249471458781,0.02772963604852663,19793389.0,235306877.14999998,831655.0,7936151.0,0,0,-0.06436039915966352,0.24402305672268887,0.048923319327730974,-0.10799999999999954,49.0
709,2880 華南金,2023-08-07,2024-05-13,2023-08-04,2024-05-10,0.014084507042253521,185.0,4013.0,4198.0,0.20581231460674365,金融保險業,2880 華南金,22.25,26.2,78.69139295982119,0.0,-0.0019047619047619646,154587882.5,666479503.8,6947770.0,25438149.0,0,0,-0.06619582664526458,0.2134831460674178,0.0022471910112358273,-0.06828955797565628,105.0
710,0056 元大高股息,2023-08-07,2024-05-23,2023-08-04,2024-05-22,0.014084507042253521,193.0,4013.0,4206.0,0.20257297651289408,domestic_etf,0056 元大高股息,35.7,40.01,79.03520341217164,0.02763385146804831,-0.0007492507492508071,1511910850.8000002,902330086.14,42350444.0,22552614.0,0,0,-0.051707686041775336,0.20882372580589337,0.007843137254902377,-0.06257389331194663,135.0
711,8255 朋程,2023-08-07,2024-05-31,2023-08-04,2024-05-30,0.014084507042253521,199.0,4013.0,4212.0,0.17984642018139563,電機機械,8255 朋程,174.0,206.5,446.27619429531615,0.02052785923753664,-0.023640661938534313,252793464.0,648524194.5,1452836.0,3140553.0,0,0,-0.06742277298850552,0.21378512931034677,0.024400215517241586,-0.11497326203208535,86.0
712,2344 華邦電,2023-08-07,2024-06-06,2023-08-04,2024-06-05,0.014084507042253521,203.0,4013.0,4216.0,-0.11027926323056425,半導體業,2344 華邦電,27.7,23.9,35.05513630068582,0.016513761467889854,0.0,569190596.9,612714835.5999999,20548397.0,25636604.0,0,0,-0.10632475025042232,0.14981229831797194,0.14981229831797194,-0.22276422764227688,100.0
713,2881 富邦金,2023-08-07,2024-06-07,2023-08-04,2024-06-06,0.014084507042253521,204.0,4013.0,4217.0,0.21321037772031493,金融保險業,2881 富邦金,65.5,76.0,175.90821385769902,0.010802469135802406,0.010638297872340274,836336357.0,1599191316.0,12768494.0,21041991.0,0,0,-0.047328244274809306,0.21860269464411508,0.0,-0.08062234794908107,139.0
714,00928 中信上櫃ESG30,2023-08-07,2024-06-13,2023-08-04,2024-06-12,0.014084507042253521,207.0,4013.0,4220.0,0.2134280859955917,其他證券,00928 中信上櫃ESG30,15.47,18.19,15.47,0.00454545454545463,0.011679644048943505,22253703.29,16055876.440000001,1438507.0,882676.0,0,0,-0.0685560924369748,0.21882137056032125,0.0,-0.09820426487093159,138.0
715,00907 永豐優息存股,2023-08-07,2024-07-04,2023-08-04,2024-07-03,0.014084507042253521,222.0,4013.0,4235.0,0.20013878762020076,domestic_etf,00907 永豐優息存股,15.0,16.65,15.727201075496966,0.0033444816053511683,0.0018050541516243523,78993735.0,62664789.14999999,5266249.0,3763651.0,0,0,-0.05604671050180776,0.2054730056702918,0.0,-0.05604671050180776,143.0
716,1722 台肥,2023-08-07,2024-12-20,2023-08-04,2024-12-19,0.014084507042253521,336.0,4013.0,4349.0,-0.12421247180835382,化學工業,1722 台肥,63.6,51.5,121.35051494302921,0.00952380952380949,-0.01151631477927062,89101692.0,548923101.5,1400970.0,10658701.0,0,0,-0.12031988730969922,0.12504701310098487,0.12504701310098487,-0.21809479742039883,204.0
717,1409 新纖,2023-08-07,2025-04-01,2023-08-04,2025-03-31,0.014084507042253521,399.0,4013.0,4412.0,-0.12063088408690159,紡織纖維,1409 新纖,17.25,13.85,32.87287728275168,0.0,0.018382352941176405,16104893.25,19469291.25,933617.0,1405725.0,0,0,-0.1326660199601185,0.12909268838249544,0.12909268838249544,-0.23183101886666335,126.0
718,3114 好德,2023-08-07,2025-04-08,2023-08-04,2025-04-07,0.014084507042253521,402.0,4013.0,4415.0,-0.19098370967634593,電子零組件業,3114 好德,26.9,21.0,75.92401432148193,0.011278195488721776,-0.07692307692307687,2923007.8,5142858.0,108662.0,244898.0,0,0,-0.18738790113888548,0.11736459107806874,0.11736459107806874,-0.27274221382200714,267.0
719,2886 兆豐金,2023-08-07,2025-08-14,2023-08-04,2025-08-13,0.014084507042253521,492.0,4013.0,4505.0,0.23105106545160248,金融保險業,2886 兆豐金,39.95,42.8,100.11576222360686,0.008838383838383868,0.02026221692491048,621080477.75,748801750.4,15546445.0,17495368.0,0,0,-0.08072916666666652,0.2365226783030936,0.0,-0.1230534265036779,414.0
