{
  "id": "a4193b14-87e9-4697-a47a-c5fe085ca02f",
  "generation": 3,
  "iteration": 48,
  "timestamp": 1756002719.556791,
  "parent_id": "36333d6e-9799-4362-80d8-d6ea661e5659",
  "metrics": {
    "runs_successfully": 1.0,
    "basic_functionality": 1.0,
    "correctness_score": 1.0,
    "performance_score": 0.8763267005595117,
    "reliability_score": 1.0,
    "combined_score": 0.9752653401119022,
    "speedup_score": 3.221615506217328,
    "success_rate": 1.0
  },
  "language": "python",
  "saved_at": 1756003049.8443708
}