{
  "id": "f6cbff44-9b16-4e6c-af58-b10b6625621a",
  "generation": 10,
  "iteration": 0,
  "timestamp": 1747709506.546607,
  "parent_id": "b7f51a09-7ba5-4cdb-bc15-9c431ec8885f",
  "metrics": {
    "validity": 1.0,
    "sum_radii": 2.634292402141039,
    "target_ratio": 0.9997314619131079,
    "combined_score": 0.9997314619131079,
    "eval_time": 0.6134955883026123
  },
  "language": "python",
  "saved_at": 1748016967.553278
}