{
  "id": "8ae31bbf-dff0-44f9-9051-2a090ade15b2",
  "generation": 2,
  "iteration": 46,
  "timestamp": 1756004145.4822478,
  "parent_id": "cb3d3750-5e5a-425c-b464-ff3e925b5113",
  "metrics": {
    "runs_successfully": 1.0,
    "basic_functionality": 1.0,
    "correctness_score": 1.0,
    "performance_score": 0.8968724977278141,
    "reliability_score": 1.0,
    "combined_score": 0.9793744995455628,
    "speedup_score": 1.4793874010501518,
    "success_rate": 1.0
  },
  "language": "python",
  "saved_at": 1756004591.009534
}