{
  "id": "c57f3619-c521-4ed6-bd87-b85ad14e6c7d",
  "generation": 2,
  "iteration": 60,
  "timestamp": 1756004891.9482691,
  "parent_id": "555056f2-61e1-4952-8569-1d1f1d552789",
  "metrics": {
    "runs_successfully": 1.0,
    "basic_functionality": 1.0,
    "correctness_score": 1.0,
    "performance_score": 0.9581391265728592,
    "reliability_score": 1.0,
    "combined_score": 0.9916278253145717,
    "speedup_score": 2.19799435182942,
    "success_rate": 1.0
  },
  "language": "python",
  "saved_at": 1756005331.4522848
}