{
  "id": "5d8eaa3e-66bc-4513-acea-8eccb99003f4",
  "generation": 6,
  "iteration": 83,
  "timestamp": 1756003618.548366,
  "parent_id": "a7b2fdc2-fa4c-4a3c-acce-a945273a72d9",
  "metrics": {
    "runs_successfully": 1.0,
    "basic_functionality": 1.0,
    "correctness_score": 1.0,
    "performance_score": 0.8020581377108252,
    "reliability_score": 1.0,
    "combined_score": 0.960411627542165,
    "speedup_score": 256.1466081393144,
    "success_rate": 1.0
  },
  "language": "python",
  "saved_at": 1756003735.925117
}