{
  "id": "cdd99fe6-bf8a-4d04-9345-fd4e31b11552",
  "generation": 2,
  "iteration": 39,
  "timestamp": 1756014349.6849742,
  "parent_id": "cfe7d8a9-8415-4451-934e-2bf1f4d50e64",
  "metrics": {
    "runs_successfully": 1.0,
    "basic_functionality": 1.0,
    "correctness_score": 1.0,
    "performance_score": 0.8451049136101318,
    "reliability_score": 1.0,
    "combined_score": 0.9690209827220263,
    "speedup_score": 1.9435586341431725,
    "success_rate": 1.0
  },
  "language": "python",
  "saved_at": 1756014733.0777652
}