{
  "id": "a132c8b6-1ac4-4220-818b-9992a0add868",
  "generation": 3,
  "iteration": 97,
  "timestamp": 1756019611.509758,
  "parent_id": "4a392f47-177e-413c-9018-c7249e62a871",
  "metrics": {
    "runs_successfully": 1.0,
    "basic_functionality": 1.0,
    "correctness_score": 1.0,
    "performance_score": 0.533949100120887,
    "reliability_score": 1.0,
    "combined_score": 0.9067898200241774,
    "speedup_score": 321.010848276822,
    "success_rate": 1.0
  },
  "language": "python",
  "saved_at": 1756019768.582412
}