{
  "id": "031f9626-cb63-4a04-bd71-95120128be20",
  "generation": 2,
  "iteration": 89,
  "timestamp": 1756006046.54532,
  "parent_id": "e0406e1b-ab82-4f5d-8a4f-6a50e3b3736d",
  "metrics": {
    "runs_successfully": 1.0,
    "basic_functionality": 1.0,
    "correctness_score": 1.0,
    "performance_score": 0.9492428047175538,
    "reliability_score": 1.0,
    "combined_score": 0.9898485609435107,
    "speedup_score": 1.3749203483511414,
    "success_rate": 1.0
  },
  "language": "python",
  "saved_at": 1756006160.0028422
}