{
  "id": "8c7488b9-b428-4d10-b384-0d71d8846a45",
  "generation": 4,
  "iteration": 60,
  "timestamp": 1756006578.580044,
  "parent_id": "91b63cb8-2381-47e1-8a31-cf8e57cc2689",
  "metrics": {
    "runs_successfully": 1.0,
    "basic_functionality": 1.0,
    "correctness_score": 1.0,
    "performance_score": 0.9404349733909841,
    "reliability_score": 1.0,
    "combined_score": 0.9880869946781968,
    "speedup_score": 1.1894657547694285,
    "success_rate": 1.0
  },
  "language": "python",
  "saved_at": 1756006904.2376032
}